Settlement_Date,month_name,quarter_label,year,Carrier_Name,Carrier_Code,Currency,Sales_Value,Sales_Commission,Sales_Discount,Sales_Tax,Sales_Ticket_Count,Billing_Value,Billing_Commission,Billing_Discount,Billing_Ticket_Count,Settlement_Value,Settlement_Commission,Settlement_Discount,Rejected_Value,Rejected_Commission,Settlement_Diff,Settlement_Diff_Pct,FX_Variance,Acceptance_Rate_Pct
2025-01-22,January,Q1,2025,Star Air,XX,USD,126313.00,7578.78,1210.00,13412.08,126,812405.00,48744.30,11820.00,1465,687408.97,41244.61,10084.33,124996.03,7499.69,124996.03,15.39,-686092.00,84.61
2025-12-02,December,Q4,2025,Star Air,XX,USD,56049.00,3362.94,504.00,5791.53,62,939840.00,56390.40,19800.00,1989,797797.42,47867.85,11051.18,142042.58,8522.55,142042.58,15.11,-883791.00,84.89
2025-03-08,March,Q1,2025,Star Air,XX,USD,118902.00,7134.12,1039.00,12502.20,89,1143860.00,68631.60,18250.00,2652,972242.10,58334.47,15601.09,171617.90,10297.13,171617.90,15.00,-1024958.00,85.00
2025-05-09,May,Q2,2025,Star Air,XX,USD,465829.00,27949.74,8607.00,48341.77,462,588215.00,35292.90,10785.00,1474,498292.76,29897.75,9142.77,89922.24,5395.15,89922.24,15.29,-122386.00,84.71
2025-05-19,May,Q2,2025,Star Air,XX,USD,462717.00,27763.02,9314.00,49069.64,427,327030.00,19621.80,5710.00,705,277962.66,16677.81,4895.81,49067.34,2943.99,49067.34,15.00,135687.00,85.00
2025-09-05,September,Q3,2025,Star Air,XX,USD,578072.00,34684.32,14132.00,60234.89,610,1019480.00,61168.80,17485.00,2183,861182.81,51670.66,14675.75,158297.21,9498.14,158297.19,15.53,-441408.00,84.47
2025-08-30,August,Q3,2025,Star Air,XX,USD,463299.00,27797.94,10666.00,48178.86,500,697770.00,41866.20,9875.00,1253,594493.90,35669.76,8489.23,103276.12,6196.44,103276.10,14.80,-234471.00,85.20
2025-11-13,November,Q4,2025,Star Air,XX,USD,84587.00,5075.22,2439.00,8812.28,77,1305540.00,78332.40,29300.00,2218,1105770.78,66346.28,15008.33,199769.22,11986.12,199769.22,15.30,-1220953.00,84.70
2025-02-15,February,Q1,2025,Star Air,XX,USD,118722.00,7123.32,1594.00,12383.11,108,1049195.00,62951.70,19070.00,1897,881034.88,52862.02,16088.37,168160.12,10089.68,168160.12,16.03,-930473.00,83.97
2025-05-03,May,Q2,2025,Star Air,XX,USD,441940.00,26516.40,6248.00,45786.14,447,921550.00,55293.00,13930.00,1714,780766.94,46059.21,11729.50,140783.06,9233.79,140783.06,15.28,-479610.00,84.72
2025-07-29,July,Q3,2025,Star Air,XX,USD,443025.00,26581.50,11361.00,46083.99,450,1031625.00,61897.50,17070.00,2209,872374.27,52342.49,14606.53,159250.73,9555.01,159250.73,15.44,-588600.00,84.56
2025-09-25,September,Q3,2025,Star Air,XX,USD,640470.00,38428.20,13745.00,66834.01,697,1580105.00,94806.30,22475.00,2448,1334303.27,80058.24,19152.44,245801.73,14748.06,245801.73,15.56,-939635.00,84.44
2025-12-16,December,Q4,2025,Star Air,XX,USD,60458.00,3627.48,1925.00,6141.94,62,844805.00,50688.30,19555.00,1688,711852.13,42711.07,10651.17,132952.87,7977.23,132952.87,15.74,-784347.00,84.26
2025-10-22,October,Q4,2025,Star Air,XX,USD,73759.00,4425.54,2082.00,7550.44,85,1310250.00,78615.00,26885.00,1953,1110379.02,66622.68,16300.67,199870.98,11992.32,199870.98,15.25,-1236491.00,84.75
2026-03-28,March,Q1,2026,Star Air,XX,USD,3525.00,211.50,0.00,324.94,3,1870505.00,112230.30,25750.00,2890,1577774.36,94666.52,21660.24,292730.64,17563.78,292730.64,15.65,-1866980.00,84.35
2026-02-15,February,Q1,2026,Star Air,XX,USD,37578.00,2254.68,646.00,3798.80,40,923785.00,55427.10,12815.00,1445,784274.92,47056.38,10973.14,139510.08,8370.72,139510.08,15.10,-886207.00,84.90
2025-10-25,October,Q4,2025,Star Air,XX,USD,73339.00,4400.34,2455.00,7724.12,79,1670380.00,100222.80,46015.00,2393,1408980.78,84539.13,24967.40,261399.22,15683.67,261399.22,15.65,-1597041.00,84.35
2025-03-05,March,Q1,2025,Star Air,XX,USD,103361.00,6201.66,1098.00,10793.30,102,1484115.00,89046.90,21005.00,2036,1254983.78,75298.87,17762.18,229131.22,13748.03,229131.22,15.44,-1380754.00,84.56
2025-01-12,January,Q1,2025,Star Air,XX,USD,99271.00,5956.26,1918.00,10489.27,103,1159370.00,69562.20,15905.00,1765,979170.12,58750.41,13619.68,180199.88,10811.79,180199.88,15.54,-1060099.00,84.46
2025-04-30,April,Q2,2025,Star Air,XX,USD,510229.00,30613.74,7415.00,53117.99,500,1583975.00,95038.50,21390.00,1986,1330978.51,76189.32,18088.78,252996.49,18849.18,252996.49,15.97,-1073746.00,84.03
2025-06-30,June,Q2,2025,Star Air,XX,USD,415983.00,24958.98,11639.00,43462.05,409,453920.00,27235.20,6620.00,1237,384263.88,23104.19,5626.08,69656.13,4131.01,69656.12,15.35,-37937.00,84.65
2025-12-17,December,Q4,2025,Star Air,XX,USD,61209.00,3672.54,1116.00,6189.23,50,1599755.00,95985.30,45865.00,2435,1350873.30,81052.19,19516.49,248881.70,14933.11,248881.70,15.56,-1538546.00,84.44
2025-12-06,December,Q4,2025,Star Air,XX,USD,48662.00,2919.72,1342.00,5070.42,50,1112395.00,66743.70,47505.00,1979,943570.55,56614.19,12666.27,168824.46,10129.51,168824.45,15.18,-1063733.00,84.82
2025-01-21,January,Q1,2025,Star Air,XX,USD,121885.00,7313.10,2675.00,12317.71,124,1085915.00,65154.90,18145.00,2043,920153.09,55209.08,15350.13,165761.92,9945.82,165761.91,15.26,-964030.00,84.74
2025-06-20,June,Q2,2025,Star Air,XX,USD,393115.00,23586.90,8513.00,40948.81,397,997590.00,59855.40,16475.00,1912,845512.30,50730.77,13828.31,152077.71,9124.63,152077.70,15.24,-604475.00,84.76
2025-04-29,April,Q2,2025,Star Air,XX,USD,503912.00,30234.72,7492.00,53177.04,502,1182325.00,70939.50,16965.00,2194,1000579.23,59060.42,14309.61,181745.77,11879.08,181745.77,15.37,-678413.00,84.63
2025-09-19,September,Q3,2025,Star Air,XX,USD,631268.00,37876.08,11678.00,65356.86,664,601580.00,36094.80,8790.00,1207,506966.67,30417.95,7386.13,94613.33,5676.85,94613.33,15.73,29688.00,84.27
2025-11-30,November,Q4,2025,Star Air,XX,USD,69375.00,4162.50,964.00,7117.08,70,1660040.00,99602.40,43095.00,2421,1407381.94,84442.71,20226.82,252658.07,15159.69,252658.06,15.22,-1590665.00,84.78
2025-02-19,February,Q1,2025,Star Air,XX,USD,100050.00,6003.00,1214.00,10419.81,102,2020580.00,121234.80,28950.00,3093,1712453.90,102747.02,24763.72,308126.10,18487.78,308126.10,15.25,-1920530.00,84.75
2025-05-15,May,Q2,2025,Star Air,XX,USD,471059.00,28263.54,6702.00,48858.57,468,1288310.00,77298.60,20740.00,1606,1086087.66,65162.56,17265.07,202222.34,12136.04,202222.34,15.70,-817251.00,84.30
2025-09-23,September,Q3,2025,Star Air,XX,USD,693999.00,41639.94,14881.00,71980.77,757,1240140.00,74408.40,16770.00,1957,1054924.78,63295.53,14165.92,185215.22,11112.87,185215.22,14.94,-546141.00,85.06
2025-12-24,December,Q4,2025,Star Air,XX,USD,62233.00,3733.98,1634.00,6635.42,61,1644885.00,98693.10,49905.00,2669,1395300.65,83718.15,20477.31,249584.35,14974.95,249584.35,15.17,-1582652.00,84.83
2026-02-10,February,Q1,2026,Star Air,XX,USD,41825.00,2509.50,864.00,4367.27,41,1091025.00,65461.50,17215.00,2192,923446.52,55406.44,14643.89,167578.48,10055.06,167578.48,15.36,-1049200.00,84.64
2025-12-08,December,Q4,2025,Star Air,XX,USD,59750.00,3585.00,761.00,6154.57,67,1018940.00,61136.40,38795.00,1971,863216.43,51793.21,14407.04,155723.57,9343.19,155723.57,15.28,-959190.00,84.72
2025-12-22,December,Q4,2025,Star Air,XX,USD,61978.00,3718.68,865.00,6462.53,66,137305.00,8238.30,1550.00,254,117602.17,7056.08,1773.04,19702.83,1182.22,19702.83,14.35,-75327.00,85.65
2026-02-27,February,Q1,2026,Star Air,XX,USD,47898.00,2873.88,99.00,4956.18,37,587980.00,35278.80,8750.00,1270,496767.63,29806.30,7323.81,91212.37,5472.50,91212.37,15.51,-540082.00,84.49
2026-03-18,March,Q1,2026,Star Air,XX,USD,29063.00,1743.78,227.00,2932.84,22,1540270.00,92416.20,23285.00,2160,1306541.86,78392.33,19702.19,233728.14,14023.87,233728.14,15.17,-1511207.00,84.83
2025-12-20,December,Q4,2025,Star Air,XX,USD,54922.00,3295.32,1493.00,5591.97,58,1438225.00,86293.50,71405.00,2173,1214006.70,72840.54,19345.80,224218.30,13452.96,224218.30,15.59,-1383303.00,84.41
2026-03-26,March,Q1,2026,Star Air,XX,USD,7084.00,425.04,0.00,665.22,6,1065770.00,63946.20,14550.00,2191,900496.16,54029.62,12320.51,165273.84,9916.58,165273.84,15.51,-1058686.00,84.49
2026-02-23,February,Q1,2026,Star Air,XX,USD,33248.00,1994.88,549.00,3441.80,34,278265.00,16695.90,4680.00,729,235521.03,14131.24,3989.75,42743.97,2564.66,42743.97,15.36,-245017.00,84.64
2026-03-14,March,Q1,2026,Star Air,XX,USD,25627.00,1537.62,478.00,2703.47,20,913720.00,54823.20,12865.00,1222,772101.54,46326.02,10759.70,141618.46,8497.18,141618.46,15.50,-888093.00,84.50
2026-02-06,February,Q1,2026,Star Air,XX,USD,60249.00,3614.94,403.00,6266.54,53,978445.00,58706.70,13100.00,2151,829116.57,49746.82,11151.14,149328.43,8959.88,149328.43,15.26,-918196.00,84.74
2026-01-29,January,Q1,2026,Star Air,XX,USD,64691.00,3881.46,1243.00,6851.92,57,1202330.00,72139.80,18690.00,2215,1017694.59,61061.61,15795.68,184635.41,11078.19,184635.41,15.36,-1137639.00,84.64
2026-03-02,March,Q1,2026,Star Air,XX,USD,35000.00,2100.00,710.00,3613.93,33,1101045.00,66062.70,17500.00,1928,935434.92,56125.83,14939.35,165610.08,9936.87,165610.08,15.04,-1066045.00,84.96
2025-03-18,March,Q1,2025,Star Air,XX,USD,90245.00,5414.70,1625.00,9503.50,87,1108585.00,66515.10,17515.00,2282,937895.13,56273.55,14739.48,170689.87,10241.55,170689.87,15.40,-1018340.00,84.60
2025-02-18,February,Q1,2025,Star Air,XX,USD,118005.00,7080.30,3089.00,12405.23,109,1194825.00,71689.50,18060.00,2751,1010389.47,60623.60,15179.41,184435.53,11065.90,184435.53,15.44,-1076820.00,84.56
2025-01-01,January,Q1,2025,Star Air,XX,USD,131676.00,7900.56,2006.00,13669.80,136,1116445.00,66986.70,18165.00,2201,950501.39,57030.01,15313.26,165943.61,9956.69,165943.61,14.86,-984769.00,85.14
2025-05-25,May,Q2,2025,Star Air,XX,USD,410431.00,24625.86,8440.00,42518.10,395,2120705.00,127242.30,33115.00,2383,1778234.78,106693.86,27751.51,342470.23,20548.44,342470.22,16.15,-1710274.00,83.85
2025-09-04,September,Q3,2025,Star Air,XX,USD,554740.00,33284.40,15539.00,57533.19,532,850030.00,51001.80,12775.00,1662,718538.42,43112.22,10681.24,131491.58,7889.58,131491.58,15.47,-295290.00,84.53
2025-05-31,May,Q2,2025,Star Air,XX,USD,421329.00,25279.74,7650.00,44597.60,439,2165695.00,129941.70,31225.00,2917,1831595.10,111886.63,26232.47,334099.90,18055.07,334099.90,15.43,-1744366.00,84.57
2025-04-07,April,Q2,2025,Star Air,XX,USD,628317.00,37699.02,10158.00,65783.07,632,693795.00,41627.70,12660.00,1711,589269.39,35406.76,10736.07,104525.61,6220.94,104525.61,15.07,-65478.00,84.93
2025-08-22,August,Q3,2025,Star Air,XX,USD,458568.00,27514.08,11830.00,47773.51,493,537395.00,32243.70,8405.00,1018,451517.27,27091.03,7146.85,85877.73,5152.67,85877.73,15.98,-78827.00,84.02
2025-04-24,April,Q2,2025,Star Air,XX,USD,533855.00,32031.30,11722.00,56032.95,537,1434590.00,86075.40,24940.00,2166,1213482.52,72388.67,20897.99,221107.48,13686.73,221107.48,15.41,-900735.00,84.59
2025-06-25,June,Q2,2025,Star Air,XX,USD,438568.00,26314.08,12765.00,46351.78,412,1341750.00,80505.00,21470.00,1937,1134144.62,67733.30,18196.42,207605.38,12771.70,207605.38,15.47,-903182.00,84.53
2025-06-28,June,Q2,2025,Star Air,XX,USD,366852.00,22011.12,10700.00,38659.19,379,1973160.00,118389.60,31880.00,2636,1673970.05,100206.54,26864.08,299189.96,18183.06,299189.95,15.16,-1606308.00,84.84
2025-08-27,August,Q3,2025,Star Air,XX,USD,488507.00,29310.42,9384.00,50454.04,516,1060930.00,63655.80,14185.00,1473,899876.07,53992.59,12110.74,161053.94,9663.21,161053.93,15.18,-572423.00,84.82
2025-09-08,September,Q3,2025,Star Air,XX,USD,558164.00,33489.84,13138.00,58220.74,591,938495.00,56309.70,15130.00,1500,797977.84,47878.48,13047.59,140517.16,8431.22,140517.16,14.97,-380331.00,85.03
2025-07-14,July,Q3,2025,Star Air,XX,USD,366995.00,22019.70,10798.00,37884.27,364,802755.00,48165.30,11705.00,1223,682556.49,40953.54,10041.74,120198.51,7211.76,120198.51,14.97,-435760.00,85.03
2025-01-27,January,Q1,2025,Star Air,XX,USD,124185.00,7451.10,1202.00,12942.20,134,819160.00,49149.60,13255.00,1507,696541.57,41792.39,11336.96,122618.43,7357.21,122618.43,14.97,-694975.00,85.03
2025-01-29,January,Q1,2025,Star Air,XX,USD,130864.00,7851.84,1724.00,13549.98,121,1695175.00,101710.50,26745.00,2253,1429593.82,85775.70,22473.29,265581.18,15934.80,265581.18,15.67,-1564311.00,84.33
2025-06-19,June,Q2,2025,Star Air,XX,USD,393483.00,23608.98,6508.00,41382.28,398,1270250.00,76215.00,16010.00,2206,1075421.38,64196.73,13637.31,194828.62,12018.27,194828.62,15.34,-876767.00,84.66
2025-04-27,April,Q2,2025,Star Air,XX,USD,527524.00,31651.44,6895.00,55328.70,499,1429380.00,85762.80,23510.00,2197,1210179.66,71567.02,19855.74,219200.34,14195.78,219200.34,15.34,-901856.00,84.66
2025-05-10,May,Q2,2025,Star Air,XX,USD,489649.00,29378.94,10084.00,50960.12,465,1774330.00,106459.80,27300.00,2376,1508707.21,88625.56,22998.75,265622.79,17834.24,265622.79,14.97,-1284681.00,85.03
2025-05-14,May,Q2,2025,Star Air,XX,USD,451769.00,27106.14,9244.00,47179.30,457,1641965.00,98517.90,23980.00,2391,1389158.56,82706.26,20326.74,252806.45,15811.64,252806.44,15.40,-1190196.00,84.60
2025-06-16,June,Q2,2025,Star Air,XX,USD,397708.00,23862.48,9783.00,41752.83,401,422510.00,25350.60,6215.00,748,357706.21,21462.37,5208.11,64803.79,3888.23,64803.79,15.34,-24802.00,84.66
2025-05-24,May,Q2,2025,Star Air,XX,USD,453600.00,27216.00,9161.00,47468.45,439,1236995.00,74219.70,18685.00,2394,1047729.19,61695.09,15994.32,189265.81,12524.61,189265.81,15.30,-783395.00,84.70
2025-11-28,November,Q4,2025,Star Air,XX,USD,71052.00,4263.12,1194.00,7505.86,75,1245255.00,74715.30,91355.00,2701,1052268.76,63136.09,16234.45,192986.25,11579.21,192986.24,15.50,-1174203.00,84.50
2025-11-14,November,Q4,2025,Star Air,XX,USD,61763.00,3705.78,1281.00,6606.04,60,700165.00,42009.90,24045.00,1252,595984.21,35758.96,8054.28,104180.79,6250.94,104180.79,14.88,-638402.00,85.12
2025-03-15,March,Q1,2025,Star Air,XX,USD,96715.00,5802.90,1229.00,9827.82,96,1285245.00,77114.70,20100.00,2514,1087878.99,65273.03,16930.64,197366.01,11841.67,197366.01,15.36,-1188530.00,84.64
2025-03-24,March,Q1,2025,Star Air,XX,USD,83023.00,4981.38,2074.00,8549.73,82,540345.00,32420.70,6965.00,753,457739.37,27464.52,5949.62,82605.63,4956.18,82605.63,15.29,-457322.00,84.71
2025-02-01,February,Q1,2025,Star Air,XX,USD,107291.00,6437.46,1539.00,11360.86,111,1736990.00,104219.40,26940.00,2557,1469058.96,88143.84,22782.52,267931.04,16075.56,267931.04,15.43,-1629699.00,84.57
2025-01-04,January,Q1,2025,Star Air,XX,USD,109479.00,6568.74,1180.00,11369.64,115,863960.00,51837.60,13790.00,1980,731887.85,43912.89,11684.99,132072.15,7924.71,132072.15,15.29,-754481.00,84.71
2025-04-18,April,Q2,2025,Star Air,XX,USD,533594.00,32015.64,10736.00,55189.93,538,971795.00,58307.70,13630.00,1700,823690.87,49421.37,11585.70,148104.13,8886.33,148104.13,15.24,-438201.00,84.76
2025-06-27,June,Q2,2025,Star Air,XX,USD,354999.00,21299.94,6360.00,37097.10,380,971450.00,58287.00,15555.00,1925,822792.46,49367.76,13004.65,148657.54,8919.24,148657.54,15.30,-616451.00,84.70
2025-04-22,April,Q2,2025,Star Air,XX,USD,539285.00,32357.10,9329.00,55930.34,548,1601595.00,96095.70,24955.00,2904,1353812.99,80029.10,21032.70,247782.01,16066.60,247782.01,15.47,-1062310.00,84.53
2025-06-14,June,Q2,2025,Star Air,XX,USD,390845.00,23450.70,8239.00,40957.19,393,829130.00,49747.80,11705.00,1423,701098.44,41192.47,9985.84,128031.56,8555.33,128031.56,15.44,-438285.00,84.56
2025-08-05,August,Q3,2025,Star Air,XX,USD,414036.00,24842.16,9068.00,43682.38,430,1110480.00,66628.80,15625.00,2490,938948.36,56336.72,13198.64,171531.64,10292.08,171531.64,15.45,-696444.00,84.55
2025-10-03,October,Q4,2025,Star Air,XX,USD,62291.00,3737.46,1211.00,6510.45,68,740760.00,44445.60,18335.00,1764,625121.17,37507.45,9996.94,115638.83,6938.15,115638.83,15.61,-678469.00,84.39
2025-10-12,October,Q4,2025,Star Air,XX,USD,59060.00,3543.60,950.00,6105.83,69,1373120.00,82387.20,28670.00,1717,1157461.69,69447.68,19708.28,215658.32,12939.52,215658.31,15.71,-1314060.00,84.29
2026-02-18,February,Q1,2026,Star Air,XX,USD,35542.00,2132.52,195.00,3658.88,28,1565720.00,93943.20,25080.00,2156,1316754.41,79005.21,21320.02,248965.59,14937.99,248965.59,15.90,-1530178.00,84.10
2026-02-26,February,Q1,2026,Star Air,XX,USD,42247.00,2534.82,443.00,4320.61,42,1323250.00,79395.00,21235.00,2424,1118946.34,67136.58,17890.99,204303.67,12258.42,204303.66,15.44,-1281003.00,84.56
2025-12-29,December,Q4,2025,Star Air,XX,USD,72344.00,4340.64,757.00,7495.16,72,809900.00,48594.00,16340.00,1471,682983.06,40979.01,8358.85,126916.94,7614.99,126916.94,15.67,-737556.00,84.33
2026-03-12,March,Q1,2026,Star Air,XX,USD,33054.00,1983.24,198.00,3224.64,31,751920.00,45115.20,10125.00,1467,636269.47,38176.06,8613.91,115650.53,6939.14,115650.53,15.38,-718866.00,84.62
2025-02-12,February,Q1,2025,Star Air,XX,USD,98026.00,5881.56,1436.00,10066.94,106,1247550.00,74853.00,17710.00,2239,1052113.06,63126.83,14977.81,195436.95,11726.17,195436.94,15.67,-1149524.00,84.33
2025-01-13,January,Q1,2025,Star Air,XX,USD,137345.00,8240.70,2107.00,14508.12,132,722520.00,43351.20,10290.00,1491,608504.90,36510.24,8728.78,114015.11,6840.96,114015.10,15.78,-585175.00,84.22
2025-06-15,June,Q2,2025,Star Air,XX,USD,366511.00,21990.66,8060.00,38433.24,383,2208380.00,132502.80,33575.00,2605,1864649.24,111378.30,28317.46,343730.76,21124.50,343730.76,15.56,-1841869.00,84.44
2025-04-16,April,Q2,2025,Star Air,XX,USD,567284.00,34037.04,8029.00,58972.14,562,1590985.00,95459.10,21330.00,1693,1348970.83,77659.90,18054.78,242014.17,17799.20,242014.17,15.21,-1023701.00,84.79
2025-12-14,December,Q4,2025,Star Air,XX,USD,56686.00,3401.16,1135.00,5931.86,61,1681505.00,100890.30,72615.00,2631,1422671.28,85360.00,20053.72,258833.72,15530.30,258833.72,15.39,-1624819.00,84.61
2025-11-12,November,Q4,2025,Star Air,XX,USD,65564.00,3933.84,1310.00,6609.23,70,1014470.00,60868.20,21750.00,1699,856201.63,51372.05,12814.18,158268.38,9496.15,158268.37,15.60,-948906.00,84.40
2025-03-27,March,Q1,2025,Star Air,XX,USD,101195.00,6071.70,701.00,10509.47,82,1082875.00,64972.50,17140.00,1496,917466.41,55047.97,14645.23,165408.59,9924.53,165408.59,15.27,-981680.00,84.73
2025-06-07,June,Q2,2025,Star Air,XX,USD,391360.00,23481.60,8650.00,41221.15,399,965085.00,57905.10,14715.00,1907,815769.37,48281.03,12482.46,149315.64,9624.07,149315.63,15.47,-573725.00,84.53
2025-07-13,July,Q3,2025,Star Air,XX,USD,430594.00,25835.64,8211.00,44601.79,404,1420595.00,85235.70,20480.00,1984,1200075.97,72004.61,17335.04,220519.04,13231.09,220519.03,15.52,-990001.00,84.48
2025-09-26,September,Q3,2025,Star Air,XX,USD,659837.00,39590.22,14669.00,69054.09,696,1268230.00,76093.80,20850.00,2471,1075394.03,64523.49,17499.24,192835.97,11570.31,192835.97,15.21,-608393.00,84.79
2025-07-17,July,Q3,2025,Star Air,XX,USD,394707.00,23682.42,9295.00,40904.92,400,1678900.00,100734.00,26440.00,2186,1421606.18,85296.43,22177.94,257293.82,15437.57,257293.82,15.33,-1284193.00,84.67
2025-11-27,November,Q4,2025,Star Air,XX,USD,90146.00,5408.76,2248.00,8940.04,74,1675780.00,100546.80,37170.00,2664,1425101.58,85505.84,20460.20,250678.43,15040.96,250678.42,14.96,-1585634.00,85.04
2025-12-11,December,Q4,2025,Star Air,XX,USD,51411.00,3084.66,972.00,5354.57,56,1009230.00,60553.80,35870.00,1700,856259.40,51375.49,12268.75,152970.60,9178.31,152970.60,15.16,-957819.00,84.84
2026-02-22,February,Q1,2026,Star Air,XX,USD,46446.00,2786.76,360.00,4808.27,37,2024180.00,121450.80,33320.00,2890,1714752.03,102885.34,28279.97,309427.97,18565.46,309427.97,15.29,-1977734.00,84.71
2026-01-14,January,Q1,2026,Star Air,XX,USD,58848.00,3530.88,1046.00,6235.13,54,1269305.00,76158.30,18870.00,1658,1082113.32,64926.69,16076.76,187191.68,11231.61,187191.68,14.75,-1210457.00,85.25
2026-01-27,January,Q1,2026,Star Air,XX,USD,54596.00,3275.76,999.00,5755.38,55,886635.00,53198.10,13705.00,1971,751843.85,45110.66,11633.49,134791.15,8087.44,134791.15,15.20,-832039.00,84.80
2026-03-05,March,Q1,2026,Star Air,XX,USD,34410.00,2064.60,294.00,3478.45,33,806125.00,48367.50,12720.00,1704,682630.50,40957.58,10759.41,123494.50,7409.92,123494.50,15.32,-771715.00,84.68
2026-03-25,March,Q1,2026,Star Air,XX,USD,13357.00,801.42,252.00,1378.95,7,460730.00,27643.80,6105.00,1241,388652.55,23319.21,5145.25,72077.46,4324.59,72077.45,15.64,-447373.00,84.36
2025-12-10,December,Q4,2025,Star Air,XX,USD,95272.00,5716.32,2362.00,9814.33,85,1540890.00,92453.40,48985.00,2173,1305378.56,78322.68,18142.99,235511.44,14130.72,235511.44,15.28,-1445618.00,84.72
2026-01-22,January,Q1,2026,Star Air,XX,USD,39328.00,2359.68,543.00,4079.37,43,1568965.00,94137.90,22405.00,2195,1325983.25,79558.87,18806.63,242981.75,14579.03,242981.75,15.49,-1529637.00,84.51
2026-01-28,January,Q1,2026,Star Air,XX,USD,44497.00,2669.82,692.00,4540.34,44,1029505.00,61770.30,18210.00,1474,866649.08,51998.86,15420.85,162855.92,9771.44,162855.92,15.82,-985008.00,84.18
2026-03-11,March,Q1,2026,Star Air,XX,USD,17168.00,1030.08,97.00,1719.48,17,803785.00,48227.10,11390.00,1481,681302.06,40878.24,9737.94,122482.94,7348.86,122482.94,15.24,-786617.00,84.76
2026-02-19,February,Q1,2026,Star Air,XX,USD,36781.00,2206.86,864.00,3819.15,37,686115.00,41166.90,11895.00,1220,582538.31,34952.17,10103.68,103576.69,6214.73,103576.69,15.10,-649334.00,84.90
2025-01-08,January,Q1,2025,Star Air,XX,USD,105454.00,6327.24,2108.00,11066.07,117,1528305.00,91698.30,22895.00,1999,1291291.73,77477.47,19538.86,237013.27,14220.83,237013.27,15.51,-1422851.00,84.49
2025-02-27,February,Q1,2025,Star Air,XX,USD,117520.00,7051.20,1773.00,12169.52,116,1735705.00,104142.30,26540.00,2724,1468019.29,88081.10,22448.69,267685.71,16061.20,267685.71,15.42,-1618185.00,84.58
2025-05-16,May,Q2,2025,Star Air,XX,USD,426174.00,25570.44,6384.00,44888.27,410,961835.00,57710.10,12785.00,1722,806402.46,48384.32,10832.50,155432.54,9325.78,155432.54,16.16,-535661.00,83.84
2025-04-21,April,Q2,2025,Star Air,XX,USD,489128.00,29347.68,6350.00,50918.24,493,698750.00,41925.00,9985.00,1231,594203.85,35662.24,8438.27,104546.15,6262.76,104546.15,14.96,-209622.00,85.04
2025-09-03,September,Q3,2025,Star Air,XX,USD,592003.00,35520.18,14055.00,61335.06,596,1555955.00,93357.30,23155.00,2239,1320658.67,79239.49,19616.14,235296.33,14117.81,235296.33,15.12,-963952.00,84.88
2025-08-07,August,Q3,2025,Star Air,XX,USD,413627.00,24817.62,8712.00,42885.74,430,974510.00,58470.60,12995.00,1420,825498.02,49529.98,11021.14,149011.98,8940.62,149011.98,15.29,-560883.00,84.71
2025-09-01,September,Q3,2025,Star Air,XX,USD,531685.00,31901.10,10637.00,54991.31,534,302595.00,18155.70,3765.00,732,254885.90,15293.13,3204.09,47709.10,2862.57,47709.10,15.77,229090.00,84.23
2025-02-21,February,Q1,2025,Star Air,XX,USD,114695.00,6881.70,1520.00,11801.23,108,1247440.00,74846.40,17800.00,2811,1057007.00,63420.17,15150.34,190433.00,11426.23,190433.00,15.27,-1132745.00,84.73
2025-05-22,May,Q2,2025,Star Air,XX,USD,489739.00,29384.34,8623.00,50921.45,473,1450990.00,87059.40,21675.00,1635,1225136.12,68281.84,18302.59,225853.91,18777.56,225853.88,15.57,-961251.00,84.43
2025-06-22,June,Q2,2025,Star Air,XX,USD,400784.00,24047.04,6933.00,42385.76,370,1869080.00,112144.80,26670.00,2132,1584217.04,94489.76,22828.66,284862.98,17655.04,284862.96,15.24,-1468296.00,84.76
2025-04-03,April,Q2,2025,Star Air,XX,USD,777569.00,46654.14,12382.00,81034.59,736,726920.00,43615.20,11465.00,1161,616399.27,37016.27,9896.65,110520.73,6598.93,110520.73,15.20,50649.00,84.80
2025-09-17,September,Q3,2025,Star Air,XX,USD,639629.00,38377.74,14747.00,66504.84,658,1236845.00,74210.70,18790.00,1982,1050410.63,63024.49,15852.58,186434.37,11186.21,186434.37,15.07,-597216.00,84.93
2025-08-10,August,Q3,2025,Star Air,XX,USD,445982.00,26758.92,10750.00,46510.83,459,1348310.00,80898.60,19300.00,2029,1138620.72,68317.27,16358.55,209689.29,12581.33,209689.28,15.55,-902328.00,84.45
2025-12-31,December,Q4,2025,Star Air,XX,USD,55002.00,3300.12,741.00,5912.55,58,1444020.00,86641.20,26620.00,2139,1215399.76,72923.85,18008.32,228620.24,13717.35,228620.24,15.83,-1389018.00,84.17
2026-03-23,March,Q1,2026,Star Air,XX,USD,17534.00,1052.04,702.00,1703.34,15,1234960.00,74097.60,17310.00,2468,1047011.16,62820.80,14622.46,187948.85,11276.80,187948.84,15.22,-1217426.00,84.78
2026-01-10,January,Q1,2026,Star Air,XX,USD,44617.00,2677.02,508.00,4612.62,40,1311265.00,78675.90,16205.00,2144,1112034.91,66722.11,13859.82,199230.09,11953.79,199230.09,15.19,-1266648.00,84.81
2026-01-07,January,Q1,2026,Star Air,XX,USD,77266.00,4635.96,1209.00,8231.86,64,834205.00,50052.30,11915.00,1686,703252.77,42195.14,9970.20,130952.23,7857.16,130952.23,15.70,-756939.00,84.30
2025-11-23,November,Q4,2025,Star Air,XX,USD,62490.00,3749.40,1168.00,6418.35,60,1825380.00,109522.80,38440.00,2204,1540717.61,92442.86,24706.30,284662.39,17079.94,284662.39,15.59,-1762890.00,84.41
2026-01-04,January,Q1,2026,Star Air,XX,USD,51595.00,3095.70,990.00,5348.66,52,1650485.00,99029.10,26875.00,2672,1397642.33,83858.64,22792.53,252842.67,15170.46,252842.67,15.32,-1598890.00,84.68
2025-12-21,December,Q4,2025,Star Air,XX,USD,61682.00,3700.92,1275.00,6410.05,66,1539235.00,92354.10,37680.00,1932,1303215.82,78193.06,20572.21,236019.18,14161.04,236019.18,15.33,-1477553.00,84.67
2026-03-13,March,Q1,2026,Star Air,XX,USD,25652.00,1539.12,468.00,2516.57,23,1828715.00,109722.90,27170.00,2351,1552804.93,93168.22,23399.45,275910.07,16554.68,275910.07,15.09,-1803063.00,84.91
2025-10-30,October,Q4,2025,Star Air,XX,USD,63690.00,3821.40,1254.00,6712.81,74,1601425.00,96085.50,26515.00,2381,1353026.79,81181.61,19675.54,248398.21,14903.89,248398.21,15.51,-1537735.00,84.49
2025-02-14,February,Q1,2025,Star Air,XX,USD,118510.00,7110.60,1017.00,12461.24,123,932165.00,55929.90,13410.00,2035,790316.75,47418.78,11267.48,141848.25,8511.12,141848.25,15.22,-813655.00,84.78
2025-08-12,August,Q3,2025,Star Air,XX,USD,448247.00,26894.82,6784.00,47067.43,455,836385.00,50183.10,13170.00,1473,704816.86,42288.85,11188.09,131568.14,7894.25,131568.14,15.73,-388138.00,84.27
2025-07-28,July,Q3,2025,Star Air,XX,USD,412554.00,24753.24,6881.00,43484.81,421,629640.00,37778.40,8805.00,991,529898.00,31793.91,7414.78,99742.00,5984.49,99742.00,15.84,-217086.00,84.16
2025-03-28,March,Q1,2025,Star Air,XX,USD,72860.00,4371.60,1628.00,7432.10,71,847795.00,50867.70,12195.00,1809,715999.38,42959.96,10388.78,131795.62,7907.74,131795.62,15.55,-774935.00,84.45
2025-02-24,February,Q1,2025,Star Air,XX,USD,93536.00,5612.16,1652.00,9908.99,87,288705.00,17322.30,3840.00,779,245535.36,14732.08,3247.91,43169.64,2590.22,43169.64,14.95,-195169.00,85.05
2025-07-11,July,Q3,2025,Star Air,XX,USD,404356.00,24261.36,9688.00,41413.76,398,962125.00,57727.50,13580.00,1494,815006.15,48900.28,11614.28,147118.85,8827.22,147118.85,15.29,-557769.00,84.71
2025-08-21,August,Q3,2025,Star Air,XX,USD,452660.00,27159.60,9817.00,47435.88,479,1122100.00,67326.00,17695.00,1711,946100.89,56766.11,14945.01,175999.12,10559.89,175999.11,15.68,-669440.00,84.32
2025-08-23,August,Q3,2025,Star Air,XX,USD,433732.00,26023.92,9715.00,45166.01,483,1084425.00,65065.50,15990.00,1921,914777.87,54886.35,13560.15,169647.15,10179.15,169647.13,15.64,-650693.00,84.36
2025-09-07,September,Q3,2025,Star Air,XX,USD,545044.00,32702.64,12960.00,56514.15,575,1499355.00,89961.30,24840.00,1926,1274284.77,76456.97,21097.87,225070.23,13504.33,225070.23,15.01,-954311.00,84.99
2025-01-24,January,Q1,2025,Star Air,XX,USD,130987.00,7859.22,1995.00,13380.88,128,1379025.00,82741.50,19290.00,3099,1169094.03,70145.63,16309.67,209930.97,12595.87,209930.97,15.22,-1248038.00,84.78
2025-08-15,August,Q3,2025,Star Air,XX,USD,471592.00,28295.52,10865.00,48852.45,498,946815.00,56808.90,14000.00,1707,801956.55,48117.58,11996.09,144858.46,8691.32,144858.45,15.30,-475223.00,84.70
2025-06-26,June,Q2,2025,Star Air,XX,USD,432599.00,25955.94,8446.00,45099.74,370,1112115.00,66726.90,15935.00,1480,938490.04,49892.86,13420.37,173624.96,16834.04,173624.96,15.61,-679516.00,84.39
2025-04-13,April,Q2,2025,Star Air,XX,USD,579440.00,34766.40,8786.00,60019.08,581,1726240.00,103574.40,24295.00,2153,1454612.63,87276.39,20473.50,271627.37,16298.01,271627.37,15.74,-1146800.00,84.26
2025-07-22,July,Q3,2025,Star Air,XX,USD,431035.00,25862.10,10319.00,44581.50,421,749230.00,44953.80,9920.00,1436,634846.61,38090.89,8447.00,114383.39,6862.91,114383.39,15.27,-318195.00,84.73
2025-07-20,July,Q3,2025,Star Air,XX,USD,385114.00,23106.84,6986.00,39538.43,350,2147525.00,128851.50,33630.00,2678,1820365.83,109221.99,28550.82,327159.18,19629.51,327159.17,15.23,-1762411.00,84.77
2025-07-25,July,Q3,2025,Star Air,XX,USD,379925.00,22795.50,9424.00,39305.69,395,1195415.00,71724.90,18510.00,2506,1007944.63,60476.55,15619.19,187470.38,11248.35,187470.37,15.68,-815490.00,84.32
2025-08-16,August,Q3,2025,Star Air,XX,USD,477131.00,28627.86,12211.00,49782.10,518,2072330.00,124339.80,29050.00,3120,1748344.36,104900.47,24571.33,323985.64,19439.33,323985.64,15.63,-1595199.00,84.37
2025-01-31,January,Q1,2025,Star Air,XX,USD,109261.00,6555.66,3468.00,11535.69,105,562260.00,33735.60,6765.00,1278,471924.44,28315.49,5763.32,90335.56,5420.11,90335.56,16.07,-452999.00,83.93
2025-03-31,March,Q1,2025,Star Air,XX,USD,64367.00,3862.02,463.00,6683.79,62,799225.00,47953.50,11130.00,1291,678401.26,40703.88,9497.39,120823.74,7249.62,120823.74,15.12,-734858.00,84.88
2025-01-23,January,Q1,2025,Star Air,XX,USD,119407.00,7164.42,2209.00,12238.43,125,1106310.00,66378.60,14780.00,2195,931999.99,55919.93,12429.48,174310.01,10458.67,174310.01,15.76,-986903.00,84.24
2025-08-13,August,Q3,2025,Star Air,XX,USD,437670.00,26260.20,14651.00,45709.44,474,954740.00,57284.40,16190.00,1657,809543.83,48572.43,13674.05,145196.18,8711.97,145196.17,15.21,-517070.00,84.79
2026-03-08,March,Q1,2026,Star Air,XX,USD,18957.00,1137.42,340.00,1845.57,17,550675.00,33040.50,9475.00,990,462220.16,27733.19,7949.93,88454.84,5307.31,88454.84,16.06,-531718.00,83.94
2026-02-03,February,Q1,2026,Star Air,XX,USD,52879.00,3172.74,544.00,5505.23,51,1103680.00,66220.80,17265.00,2190,929639.00,55778.22,14723.51,174041.01,10442.58,174041.00,15.77,-1050801.00,84.23
2026-03-09,March,Q1,2026,Star Air,XX,USD,16553.00,993.18,324.00,1740.18,18,1119325.00,67159.50,14520.00,2678,945463.22,56727.65,12280.76,173861.78,10431.85,173861.78,15.53,-1102772.00,84.47
2025-01-06,January,Q1,2025,Star Air,XX,USD,112985.00,6779.10,1274.00,11584.13,125,442035.00,26522.10,6030.00,1028,372903.92,22374.17,5089.63,69131.08,4147.93,69131.08,15.64,-329050.00,84.36
2025-02-03,February,Q1,2025,Star Air,XX,USD,98451.00,5907.06,738.00,10258.07,100,215560.00,12933.60,2725.00,760,181006.65,10860.45,2309.46,34553.35,2073.15,34553.35,16.03,-117109.00,83.97
2025-07-04,July,Q3,2025,Star Air,XX,USD,419140.00,25148.40,11155.00,43849.35,396,724440.00,43466.40,10475.00,1257,615982.26,36958.95,8910.37,108457.74,6507.45,108457.74,14.97,-305300.00,85.03
2025-09-20,September,Q3,2025,Star Air,XX,USD,626427.00,37585.62,12612.00,65308.03,661,1261170.00,75670.20,19335.00,2159,1066608.11,63996.50,16305.64,194561.91,11673.70,194561.89,15.43,-634743.00,84.57
2025-08-18,August,Q3,2025,Star Air,XX,USD,477058.00,28623.48,11121.00,49858.65,491,788995.00,47339.70,11790.00,1256,664261.09,39855.55,9934.64,124733.91,7484.15,124733.91,15.81,-311937.00,84.19
2025-07-16,July,Q3,2025,Star Air,XX,USD,396144.00,23768.64,10389.00,41556.17,389,1093865.00,65631.90,16620.00,1448,927865.08,55672.02,13954.34,165999.92,9959.88,165999.92,15.18,-697721.00,84.82
2025-12-25,December,Q4,2025,Star Air,XX,USD,53143.00,3188.58,688.00,5511.49,61,738950.00,44337.00,13760.00,1710,624747.17,37484.97,10495.51,114202.83,6852.03,114202.83,15.45,-685807.00,84.55
2025-03-23,March,Q1,2025,Star Air,XX,USD,79875.00,4792.50,1475.00,8358.88,85,1263525.00,75811.50,19775.00,2013,1067083.72,64025.03,16606.38,196441.29,11786.47,196441.28,15.55,-1183650.00,84.45
2025-02-26,February,Q1,2025,Star Air,XX,USD,99807.00,5988.42,1674.00,10188.76,103,1618795.00,97127.70,24310.00,2702,1373583.38,82415.05,20777.17,245211.63,14712.65,245211.62,15.15,-1518988.00,84.85
2025-03-11,March,Q1,2025,Star Air,XX,USD,97330.00,5839.80,1183.00,10124.11,105,765285.00,45917.10,9915.00,2264,648371.30,38902.14,8326.65,116913.70,7014.96,116913.70,15.28,-667955.00,84.72
2025-03-12,March,Q1,2025,Star Air,XX,USD,101875.00,6112.50,1182.00,10536.42,105,1585645.00,95138.70,23775.00,2061,1333524.79,80011.31,20009.29,252120.21,15127.39,252120.21,15.90,-1483770.00,84.10
2025-06-17,June,Q2,2025,Star Air,XX,USD,428496.00,25709.76,9439.00,44992.42,416,790975.00,47458.50,12530.00,1698,669395.06,40237.55,10726.68,121579.94,7220.95,121579.94,15.37,-362479.00,84.63
2025-06-08,June,Q2,2025,Star Air,XX,USD,432213.00,25932.78,6632.00,45441.86,419,1780420.00,106825.20,26990.00,2191,1503547.26,89679.40,22610.76,276872.74,17145.80,276872.74,15.55,-1348207.00,84.45
2025-12-03,December,Q4,2025,Star Air,XX,USD,57240.00,3434.40,1091.00,5855.02,63,1729560.00,103773.60,43245.00,2451,1458124.88,87487.38,21716.23,271435.13,16286.22,271435.12,15.69,-1672320.00,84.31
2025-11-15,November,Q4,2025,Star Air,XX,USD,78866.00,4731.96,1037.00,8261.30,84,1318430.00,79105.80,71075.00,2185,1110461.15,66627.79,14389.32,207968.85,12478.01,207968.85,15.77,-1239564.00,84.23
2026-03-17,March,Q1,2026,Star Air,XX,USD,17508.00,1050.48,228.00,1754.39,16,1498555.00,89913.30,24915.00,2154,1267629.04,76057.68,21173.46,230925.97,13855.62,230925.96,15.41,-1481047.00,84.59
2026-03-21,March,Q1,2026,Star Air,XX,USD,6771.00,406.26,0.00,706.34,6,1518300.00,91098.00,23185.00,2171,1287161.92,77229.96,19709.44,231138.08,13868.04,231138.08,15.22,-1511529.00,84.78
2025-11-10,November,Q4,2025,Star Air,XX,USD,71560.00,4293.60,1072.00,7478.18,82,563435.00,33806.10,19390.00,934,478081.10,28684.88,6869.70,85353.90,5121.22,85353.90,15.15,-491875.00,84.85
2026-01-30,January,Q1,2026,Star Air,XX,USD,48746.00,2924.76,1085.00,4984.92,45,793220.00,47593.20,13245.00,1264,673099.32,40386.00,11301.73,120120.68,7207.20,120120.68,15.14,-744474.00,84.86
2025-03-21,March,Q1,2025,Star Air,XX,USD,79279.00,4756.74,840.00,8312.77,84,657765.00,39465.90,10395.00,1241,557991.25,33479.51,8791.59,99773.75,5986.39,99773.75,15.17,-578486.00,84.83
2025-05-04,May,Q2,2025,Star Air,XX,USD,503567.00,30214.02,5219.00,52892.06,469,1646470.00,98788.20,24445.00,2157,1391148.70,83468.80,20574.10,255321.30,15319.40,255321.30,15.51,-1142903.00,84.49
2025-05-28,May,Q2,2025,Star Air,XX,USD,379616.00,22776.96,8314.00,39886.77,390,2229535.00,133772.10,34990.00,3111,1886041.72,109765.19,29846.90,343493.28,24006.91,343493.28,15.41,-1849919.00,84.59
2025-07-03,July,Q3,2025,Star Air,XX,USD,404664.00,24279.84,9042.00,41910.63,396,1742820.00,104569.20,25190.00,2471,1475923.32,88555.45,21181.49,266896.68,16013.75,266896.68,15.31,-1338156.00,84.69
2025-03-09,March,Q1,2025,Star Air,XX,USD,95559.00,5733.54,986.00,9960.90,98,1426555.00,85593.30,19315.00,2004,1208263.54,72495.83,16225.42,218291.46,13097.47,218291.46,15.30,-1330996.00,84.70
2025-02-16,February,Q1,2025,Star Air,XX,USD,107678.00,6460.68,1260.00,11106.55,110,2097090.00,125825.40,34140.00,2696,1774072.65,106444.16,28704.34,323017.35,19381.24,323017.35,15.40,-1989412.00,84.60
2025-02-08,February,Q1,2025,Star Air,XX,USD,99943.00,5996.58,1803.00,10662.44,108,1147305.00,68838.30,15965.00,1760,968206.20,58092.45,13458.99,179098.80,10745.85,179098.80,15.61,-1047362.00,84.39
2025-04-08,April,Q2,2025,Star Air,XX,USD,652686.00,39161.16,10419.00,67947.28,634,1234630.00,74077.80,17530.00,1961,1050434.17,63094.22,14938.95,184195.83,10983.58,184195.83,14.92,-581944.00,85.08
2025-06-24,June,Q2,2025,Star Air,XX,USD,374781.00,22486.86,8614.00,38900.45,378,590625.00,35437.50,8170.00,1441,497140.94,29858.77,6876.81,93484.07,5578.73,93484.06,15.83,-215844.00,84.17
2025-07-12,July,Q3,2025,Star Air,XX,USD,424654.00,25479.24,12187.00,43954.73,408,1729400.00,103764.00,22925.00,2417,1459598.15,87575.88,19522.17,269801.86,16188.12,269801.85,15.60,-1304746.00,84.40
2025-08-03,August,Q3,2025,Star Air,XX,USD,382396.00,22943.76,9674.00,40047.97,403,2118770.00,127126.20,31875.00,2201,1794052.67,107643.21,27213.27,324717.34,19482.99,324717.33,15.33,-1736374.00,84.67
2025-08-24,August,Q3,2025,Star Air,XX,USD,501965.00,30117.90,13941.00,52519.25,520,2028760.00,121725.60,27525.00,2460,1724129.34,103447.86,23361.57,304630.67,18277.74,304630.66,15.02,-1526795.00,84.98
2025-07-15,July,Q3,2025,Star Air,XX,USD,392406.00,23544.36,7940.00,40792.20,411,1377680.00,82660.80,18940.00,2213,1163447.38,69806.92,16250.21,214232.62,12853.88,214232.62,15.55,-985274.00,84.45
2025-09-15,September,Q3,2025,Star Air,XX,USD,637951.00,38277.06,12730.00,66699.35,675,916870.00,55012.20,13005.00,1465,777925.33,46675.38,10894.90,138944.68,8336.82,138944.67,15.15,-278919.00,84.85
2025-08-31,August,Q3,2025,Star Air,XX,USD,516311.00,30978.66,11020.00,54083.44,549,1463170.00,87790.20,21185.00,1934,1233925.49,74035.59,17868.22,229244.51,13754.61,229244.51,15.67,-946859.00,84.33
2025-10-07,October,Q4,2025,Star Air,XX,USD,67276.00,4036.56,1613.00,6950.48,74,1479250.00,88755.00,35380.00,2424,1251169.15,75070.24,18260.55,228080.85,13684.76,228080.85,15.42,-1411974.00,84.58
2025-10-23,October,Q4,2025,Star Air,XX,USD,87966.00,5277.96,1705.00,9223.33,84,1164520.00,69871.20,26830.00,1679,987234.70,59234.11,14226.31,177285.31,10637.09,177285.30,15.22,-1076554.00,84.78
2026-01-18,January,Q1,2026,Star Air,XX,USD,60289.00,3617.34,386.00,6368.09,55,1126165.00,67569.90,14440.00,1644,955836.60,57350.05,12220.36,170328.41,10219.85,170328.40,15.12,-1065876.00,84.88
2025-10-01,October,Q4,2025,Star Air,XX,USD,94520.00,5671.20,1231.00,9680.95,100,1751220.00,105073.20,48720.00,2917,1482737.89,88964.28,22472.76,268482.12,16108.92,268482.11,15.33,-1656700.00,84.67
2026-03-06,March,Q1,2026,Star Air,XX,USD,33249.00,1994.94,440.00,3476.40,34,1356005.00,81360.30,24445.00,2154,1151570.35,69094.14,20763.84,204434.65,12266.16,204434.65,15.08,-1322756.00,84.92
2026-02-07,February,Q1,2026,Star Air,XX,USD,61325.00,3679.50,1522.00,6354.41,52,1132445.00,67946.70,14585.00,1678,961415.72,57684.79,12420.61,171029.28,10261.91,171029.28,15.10,-1071120.00,84.90
2025-11-21,November,Q4,2025,Star Air,XX,USD,60203.00,3612.18,1507.00,6201.93,62,914765.00,54885.90,56855.00,1943,774053.09,46443.33,13704.08,140711.91,8442.57,140711.91,15.38,-854562.00,84.62
2025-10-31,October,Q4,2025,Star Air,XX,USD,53173.00,3190.38,1145.00,5645.15,66,494765.00,29685.90,52100.00,980,421003.02,25260.18,7771.20,73761.99,4425.72,73761.98,14.91,-441592.00,85.09
2025-10-13,October,Q4,2025,Star Air,XX,USD,60534.00,3632.04,1130.00,6234.67,62,730430.00,43825.80,27285.00,1452,620005.95,37200.37,10242.30,110424.05,6625.43,110424.05,15.12,-669896.00,84.88
2025-10-11,October,Q4,2025,Star Air,XX,USD,76195.00,4571.70,1363.00,7889.43,87,975540.00,58532.40,35390.00,1938,828481.77,49709.03,13401.29,147058.23,8823.37,147058.23,15.07,-899345.00,84.93
2026-02-28,February,Q1,2026,Star Air,XX,USD,39114.00,2346.84,872.00,3962.43,39,842835.00,50570.10,12490.00,1743,715507.78,42930.47,10619.23,127327.22,7639.63,127327.22,15.11,-803721.00,84.89
2025-04-17,April,Q2,2025,Star Air,XX,USD,503993.00,30239.58,7170.00,53099.38,492,1174065.00,70443.90,18005.00,1714,998255.01,56999.10,15672.50,175809.99,13444.80,175809.99,14.97,-670072.00,85.03
2025-03-06,March,Q1,2025,Star Air,XX,USD,79571.00,4774.26,906.00,8301.40,84,1051685.00,63101.10,14915.00,1704,893333.33,53600.10,12637.18,158351.67,9501.00,158351.67,15.06,-972114.00,84.94
2025-05-23,May,Q2,2025,Star Air,XX,USD,476720.00,28603.20,8662.00,49544.68,449,1339310.00,80358.60,19955.00,2489,1130327.59,67819.89,16865.73,208982.41,12538.71,208982.41,15.60,-862590.00,84.40
2025-05-29,May,Q2,2025,Star Air,XX,USD,433623.00,26017.38,11362.00,45011.94,439,1324225.00,79453.50,18785.00,1440,1120336.36,66298.97,15997.74,203888.64,13154.53,203888.64,15.40,-890602.00,84.60
2025-07-27,July,Q3,2025,Star Air,XX,USD,406657.00,24399.42,10568.00,42564.31,420,2491775.00,149506.50,39365.00,2947,2104564.54,126273.71,33408.18,387210.46,23232.79,387210.46,15.54,-2085118.00,84.46
2025-09-10,September,Q3,2025,Star Air,XX,USD,587345.00,35240.70,14190.00,61669.87,649,1578140.00,94688.40,25065.00,2488,1337050.90,80222.62,21165.47,241089.11,14465.78,241089.10,15.28,-990795.00,84.72
2025-09-21,September,Q3,2025,Star Air,XX,USD,580141.00,34808.46,11211.00,60828.54,646,2711495.00,162689.70,38150.00,3572,2291691.94,137501.27,32271.60,419803.06,25188.43,419803.06,15.48,-2131354.00,84.52
2025-07-26,July,Q3,2025,Star Air,XX,USD,460405.00,27624.30,12292.00,47917.59,437,1424110.00,85446.60,21775.00,2206,1205189.50,72311.33,18543.76,218920.50,13135.27,218920.50,15.37,-963705.00,84.63
2025-01-15,January,Q1,2025,Star Air,XX,USD,115107.00,6906.42,1415.00,11984.23,119,638695.00,38321.70,12300.00,1295,544565.70,32673.81,10563.26,94129.30,5647.89,94129.30,14.74,-523588.00,85.26
2025-07-31,July,Q3,2025,Star Air,XX,USD,490555.00,29433.30,11019.00,51133.83,479,851170.00,51070.20,12895.00,1209,723795.49,43427.78,10868.32,127374.51,7642.42,127374.51,14.96,-360615.00,85.04
2025-08-08,August,Q3,2025,Star Air,XX,USD,474790.00,28487.40,11824.00,49089.08,485,929115.00,55746.90,13640.00,1757,784436.64,47066.28,11497.41,144678.37,8680.62,144678.36,15.57,-454325.00,84.43
2025-11-07,November,Q4,2025,Star Air,XX,USD,76575.00,4594.50,1039.00,7954.94,80,625855.00,37551.30,13250.00,1731,532557.84,31953.56,8420.24,93297.17,5597.74,93297.16,14.91,-549280.00,85.09
2025-06-21,June,Q2,2025,Star Air,XX,USD,410261.00,24615.66,8363.00,43126.70,384,1022490.00,61349.40,14725.00,1656,869023.57,51876.38,12630.57,153466.43,9473.02,153466.43,15.01,-612229.00,84.99
2025-09-16,September,Q3,2025,Star Air,XX,USD,651860.00,39111.60,12688.00,67594.28,680,1515905.00,90954.30,23390.00,2349,1282077.33,76924.68,19729.80,233827.68,14029.62,233827.67,15.42,-864045.00,84.58
2025-11-09,November,Q4,2025,Star Air,XX,USD,81630.00,4897.80,4100.00,8470.08,77,1877420.00,112645.20,396685.00,2664,1586554.68,95193.09,21172.35,290865.32,17452.11,290865.32,15.49,-1795790.00,84.51
2025-01-03,January,Q1,2025,Star Air,XX,USD,115759.00,6945.54,2143.00,12029.21,118,674165.00,40449.90,10935.00,1281,571041.61,34262.66,9198.83,103123.39,6187.24,103123.39,15.30,-558406.00,84.70
2025-02-06,February,Q1,2025,Star Air,XX,USD,87339.00,5240.34,1207.00,9085.05,92,1363780.00,81826.80,16875.00,2070,1155837.30,69350.17,14407.69,207942.70,12476.63,207942.70,15.25,-1276441.00,84.75
2025-02-04,February,Q1,2025,Star Air,XX,USD,130787.00,7847.22,1760.00,13296.28,123,1381815.00,82908.90,20365.00,2552,1169411.66,70164.79,17247.47,212403.34,12744.11,212403.34,15.37,-1251028.00,84.63
2025-01-16,January,Q1,2025,Star Air,XX,USD,118672.00,7120.32,1473.00,12342.73,126,648870.00,38932.20,9790.00,1546,549476.10,32968.57,8262.26,99393.90,5963.63,99393.90,15.32,-530198.00,84.68
2025-08-20,August,Q3,2025,Star Air,XX,USD,448492.00,26909.52,10121.00,46490.88,484,857380.00,51442.80,14030.00,1717,723369.69,43402.27,11865.58,134010.33,8040.53,134010.31,15.63,-408888.00,84.37
2025-12-12,December,Q4,2025,Star Air,XX,USD,51429.00,3085.74,1087.00,5355.14,60,778395.00,46703.70,46995.00,1727,658116.27,39486.99,9459.53,120278.74,7216.71,120278.73,15.45,-726966.00,84.55
2025-10-19,October,Q4,2025,Star Air,XX,USD,95523.00,5731.38,3190.00,9777.55,85,730780.00,43846.80,40090.00,1457,621177.33,37270.65,10199.29,109602.68,6576.15,109602.67,15.00,-635257.00,85.00
2026-01-15,January,Q1,2026,Star Air,XX,USD,81348.00,4880.88,997.00,8536.37,57,1181970.00,70918.20,19455.00,1922,1007629.15,60457.57,16424.14,174340.85,10460.63,174340.85,14.75,-1100622.00,85.25
2025-11-24,November,Q4,2025,Star Air,XX,USD,70255.00,4215.30,1152.00,7300.61,78,706900.00,42414.00,35675.00,1422,598021.03,35881.05,7113.94,108878.97,6532.95,108878.97,15.40,-636645.00,84.60
2026-01-03,January,Q1,2026,Star Air,XX,USD,58541.00,3512.46,697.00,6045.76,63,680615.00,40836.90,9885.00,1483,578293.87,34697.35,8325.40,102321.13,6139.55,102321.13,15.03,-622074.00,84.97
2026-02-20,February,Q1,2026,Star Air,XX,USD,39687.00,2381.22,750.00,4212.21,36,777690.00,46661.40,9275.00,1756,657954.67,39477.13,7857.58,119735.33,7184.27,119735.33,15.40,-738003.00,84.60
2025-01-02,January,Q1,2025,Star Air,XX,USD,100209.00,6012.54,1076.00,10366.06,110,1602480.00,96148.80,26345.00,2842,1355737.85,81344.22,22205.98,246742.15,14804.58,246742.15,15.40,-1502271.00,84.60
2025-01-28,January,Q1,2025,Star Air,XX,USD,124334.00,7460.04,2406.00,13103.06,110,1535550.00,92133.00,21280.00,3004,1299764.44,77985.71,18032.64,235785.56,14147.29,235785.56,15.36,-1411216.00,84.64
2025-04-02,April,Q2,2025,Star Air,XX,USD,767673.00,46060.38,9498.00,79847.39,735,1032240.00,61934.40,14040.00,1935,874327.67,52561.89,11953.25,157912.34,9372.51,157912.33,15.30,-264567.00,84.70
2025-08-04,August,Q3,2025,Star Air,XX,USD,456526.00,27391.56,14329.00,47548.67,464,374860.00,22491.60,5880.00,729,315891.62,18953.46,4992.46,58968.38,3538.14,58968.38,15.73,81666.00,84.27
2025-12-04,December,Q4,2025,Star Air,XX,USD,67658.00,4059.48,501.00,7150.79,65,1359050.00,81543.00,19750.00,2352,1148163.19,68889.84,16243.49,210886.81,12653.16,210886.81,15.52,-1291392.00,84.48
2025-10-17,October,Q4,2025,Star Air,XX,USD,82742.00,4964.52,1323.00,8384.04,71,861195.00,51671.70,56595.00,1938,724820.25,43489.00,10155.42,136374.76,8182.70,136374.75,15.84,-778453.00,84.16
2025-04-06,April,Q2,2025,Star Air,XX,USD,650296.00,39017.76,11499.00,68514.39,657,1689045.00,101342.70,26365.00,1968,1432439.30,85946.35,22511.68,256605.70,15396.35,256605.70,15.19,-1038749.00,84.81
2025-06-09,June,Q2,2025,Star Air,XX,USD,393817.00,23629.02,6903.00,40805.13,391,481050.00,28863.00,6185.00,936,406559.45,24393.70,5230.81,74490.55,4469.30,74490.55,15.48,-87233.00,84.52
2025-04-23,April,Q2,2025,Star Air,XX,USD,506807.00,30408.42,7023.00,52750.22,516,1125160.00,67509.60,17425.00,1226,953196.60,55527.74,14728.02,171963.41,11981.86,171963.40,15.28,-618353.00,84.72
2025-07-05,July,Q3,2025,Star Air,XX,USD,413159.00,24789.54,13477.00,43266.60,435,1999065.00,119943.90,27405.00,2710,1695766.79,101746.16,23420.14,303298.21,18197.74,303298.21,15.17,-1585906.00,84.83
2025-08-09,August,Q3,2025,Star Air,XX,USD,452769.00,27166.14,9268.00,47255.02,461,1336370.00,80182.20,19880.00,2020,1129166.19,67749.87,16801.86,207203.82,12432.33,207203.81,15.50,-883601.00,84.50
2025-09-22,September,Q3,2025,Star Air,XX,USD,711137.00,42668.22,14379.00,74525.05,742,303490.00,18209.40,4255.00,742,257288.95,15437.32,3603.50,46201.05,2772.08,46201.05,15.22,407647.00,84.78
2025-10-21,October,Q4,2025,Star Air,XX,USD,74438.00,4466.28,1043.00,7814.69,86,793375.00,47602.50,17350.00,1679,670625.05,40237.48,9277.13,122749.96,7365.02,122749.95,15.47,-718937.00,84.53
2025-10-29,October,Q4,2025,Star Air,XX,USD,62894.00,3773.64,1471.00,6659.00,64,1825865.00,109551.90,50735.00,2406,1542246.40,92534.95,22072.36,283618.60,17016.95,283618.60,15.53,-1762971.00,84.47
2026-01-13,January,Q1,2026,Star Air,XX,USD,52179.00,3130.74,844.00,5251.29,53,1094965.00,65697.90,16410.00,1934,923068.06,55384.04,13942.63,171896.94,10313.86,171896.94,15.70,-1042786.00,84.30
2026-02-13,February,Q1,2026,Star Air,XX,USD,44033.00,2641.98,875.00,4580.08,44,471045.00,28262.70,8885.00,1176,397173.23,23830.44,7523.15,73871.77,4432.26,73871.77,15.68,-427012.00,84.32
2026-01-23,January,Q1,2026,Star Air,XX,USD,51649.00,3098.94,934.00,5409.63,49,476295.00,28577.70,6730.00,985,403989.83,24239.42,5665.94,72305.17,4338.28,72305.17,15.18,-424646.00,84.82
2025-10-27,October,Q4,2025,Star Air,XX,USD,78080.00,4684.80,646.00,8104.04,78,808110.00,48486.60,19145.00,1484,688111.38,41286.68,9756.50,119998.62,7199.92,119998.62,14.85,-730030.00,85.15
2026-03-07,March,Q1,2026,Star Air,XX,USD,32633.00,1957.98,1564.00,3215.40,22,1440305.00,86418.30,18000.00,2372,1213948.05,72836.81,15141.58,226356.95,13581.49,226356.95,15.72,-1407672.00,84.28
2025-08-06,August,Q3,2025,Star Air,XX,USD,422601.00,25356.06,7605.00,44371.93,435,2003965.00,120237.90,32995.00,2722,1692346.18,101540.81,27710.99,311618.83,18697.09,311618.82,15.55,-1581364.00,84.45
2025-03-04,March,Q1,2025,Star Air,XX,USD,124926.00,7495.56,2591.00,13129.23,120,966960.00,58017.60,14815.00,1957,816997.68,49019.88,12395.49,149962.32,8997.72,149962.32,15.51,-842034.00,84.49
2025-02-13,February,Q1,2025,Star Air,XX,USD,119224.00,7153.44,1758.00,12479.67,117,774225.00,46453.50,11575.00,1502,653777.73,39226.65,9768.45,120447.27,7226.85,120447.27,15.56,-655001.00,84.44
2025-02-10,February,Q1,2025,Star Air,XX,USD,112464.00,6747.84,2401.00,11685.73,113,559415.00,33564.90,8320.00,724,467417.57,28045.14,7014.31,91997.43,5519.76,91997.43,16.45,-446951.00,83.55
2025-10-16,October,Q4,2025,Star Air,XX,USD,72136.00,4328.16,983.00,7486.72,82,662535.00,39752.10,7165.00,1236,561760.00,33705.64,7643.18,100775.00,6046.46,100775.00,15.21,-590399.00,84.79
2025-12-19,December,Q4,2025,Star Air,XX,USD,72339.00,4340.34,526.00,7540.73,70,844815.00,50688.90,46565.00,1988,716231.43,42973.91,11350.99,128583.57,7714.99,128583.57,15.22,-772476.00,84.78
2025-03-25,March,Q1,2025,Star Air,XX,USD,79532.00,4771.92,1008.00,8304.85,84,1502490.00,90149.40,23350.00,2985,1271991.80,76319.53,19812.38,230498.21,13829.87,230498.20,15.34,-1422958.00,84.66
2025-03-14,March,Q1,2025,Star Air,XX,USD,83296.00,4997.76,1872.00,8727.95,80,594045.00,35642.70,8195.00,1501,502977.23,30178.50,6994.44,91067.77,5464.20,91067.77,15.33,-510749.00,84.67
2025-09-12,September,Q3,2025,Star Air,XX,USD,562021.00,33721.26,17598.00,57805.46,613,735380.00,44122.80,10565.00,1708,622671.45,37360.08,8902.76,112708.55,6762.72,112708.55,15.33,-173359.00,84.67
2025-08-11,August,Q3,2025,Star Air,XX,USD,418632.00,25117.92,8473.00,43030.62,429,723030.00,43381.80,10055.00,1012,613695.13,36821.75,8550.38,109334.87,6560.05,109334.87,15.12,-304398.00,84.88
2025-10-10,October,Q4,2025,Star Air,XX,USD,86651.00,5199.06,2649.00,9011.11,76,946605.00,56796.30,21775.00,1723,798695.48,47921.69,11533.10,147909.52,8874.61,147909.52,15.63,-859954.00,84.37
2026-02-08,February,Q1,2026,Star Air,XX,USD,48386.00,2903.16,793.00,5024.92,53,1578860.00,94731.60,24815.00,2181,1328710.25,79722.70,20792.37,250149.75,15008.90,250149.75,15.84,-1530474.00,84.16
2026-02-25,February,Q1,2026,Star Air,XX,USD,34387.00,2063.22,322.00,3621.66,34,1471330.00,88279.80,23530.00,2447,1239581.78,74374.93,19812.08,231748.22,13904.87,231748.22,15.75,-1436943.00,84.25
2026-01-02,January,Q1,2026,Star Air,XX,USD,60066.00,3603.96,1132.00,6215.78,62,815650.00,48939.00,11250.00,1975,690422.73,41425.43,9622.90,125227.27,7513.57,125227.27,15.35,-755584.00,84.65
2025-10-18,October,Q4,2025,Star Air,XX,USD,56759.00,3405.54,1300.00,5823.98,67,1257145.00,75428.70,112335.00,1892,1064734.74,63884.19,18201.94,192410.26,11544.51,192410.26,15.31,-1200386.00,84.69
2025-10-20,October,Q4,2025,Star Air,XX,USD,77810.00,4668.60,1816.00,8078.72,75,881495.00,52889.70,26625.00,1717,741057.41,44463.30,11891.52,140437.59,8426.40,140437.59,15.93,-803685.00,84.07
2025-11-17,November,Q4,2025,Star Air,XX,USD,70546.00,4232.76,1708.00,7252.65,61,875615.00,52536.90,18300.00,1706,744800.20,44687.91,10550.65,130814.80,7848.99,130814.80,14.94,-805069.00,85.06
2026-03-10,March,Q1,2026,Star Air,XX,USD,26378.00,1582.68,219.00,2615.62,25,1707090.00,102425.40,28255.00,2849,1446088.67,86765.21,23875.87,261001.33,15660.19,261001.33,15.29,-1680712.00,84.71
2026-01-12,January,Q1,2026,Star Air,XX,USD,50564.00,3033.84,387.00,5280.34,43,486280.00,29176.80,7185.00,1205,408872.42,24532.39,6025.74,77407.58,4644.41,77407.58,15.92,-435716.00,84.08
2025-01-11,January,Q1,2025,Star Air,XX,USD,123945.00,7436.70,2731.00,12975.57,125,1840245.00,110414.70,26150.00,3227,1554567.91,93274.08,22327.42,285677.09,17140.62,285677.09,15.52,-1716300.00,84.48
2025-03-16,March,Q1,2025,Star Air,XX,USD,91545.00,5492.70,1268.00,9616.91,80,1979235.00,118754.10,30055.00,2210,1672510.99,100350.67,25448.24,306724.02,18403.43,306724.01,15.50,-1887690.00,84.50
2025-02-22,February,Q1,2025,Star Air,XX,USD,114967.00,6898.02,1645.00,12087.17,116,760765.00,45645.90,11410.00,2005,644208.47,38652.35,9652.78,116556.54,6993.55,116556.53,15.32,-645798.00,84.68
2025-05-05,May,Q2,2025,Star Air,XX,USD,542902.00,32574.12,8788.00,56766.60,485,408630.00,24517.80,5635.00,967,346451.85,20787.05,4708.48,62178.15,3730.75,62178.15,15.22,134272.00,84.78
2025-06-10,June,Q2,2025,Star Air,XX,USD,419633.00,25177.98,7844.00,43607.45,429,1008385.00,60503.10,15735.00,1894,854392.83,49877.53,13246.47,153992.17,10625.57,153992.17,15.27,-588752.00,84.73
2025-07-02,July,Q3,2025,Star Air,XX,USD,449575.00,26974.50,9618.00,47221.40,431,1396785.00,83807.10,23665.00,1731,1176366.31,70582.10,19825.16,220418.69,13225.00,220418.69,15.78,-947210.00,84.22
2025-07-19,July,Q3,2025,Star Air,XX,USD,403902.00,24234.12,7972.00,41895.84,403,1998055.00,119883.30,27280.00,2455,1693985.38,101639.26,23035.52,304069.62,18244.04,304069.62,15.22,-1594153.00,84.78
2025-12-18,December,Q4,2025,Star Air,XX,USD,53625.00,3217.50,975.00,5574.48,60,745455.00,44727.30,17525.00,1248,629400.50,37763.94,10518.52,116054.50,6963.36,116054.50,15.57,-691830.00,84.43
2025-12-07,December,Q4,2025,Star Air,XX,USD,75921.00,4555.26,1634.00,8167.20,60,1180795.00,70847.70,70235.00,1917,998485.51,59909.03,16438.92,182309.49,10938.67,182309.49,15.44,-1104874.00,84.56
2025-03-20,March,Q1,2025,Star Air,XX,USD,93176.00,5590.56,1328.00,9496.66,88,1704340.00,102260.40,23345.00,2484,1444681.62,86680.95,19862.23,259658.40,15579.45,259658.38,15.24,-1611164.00,84.76
2025-03-02,March,Q1,2025,Star Air,XX,USD,106407.00,6384.42,1579.00,11142.26,115,1707270.00,102436.20,27480.00,2482,1441027.05,86461.67,23227.75,266242.95,15974.53,266242.95,15.59,-1600863.00,84.41
2025-01-07,January,Q1,2025,Star Air,XX,USD,105343.00,6320.58,1718.00,10873.50,97,1089165.00,65349.90,14590.00,2797,921453.93,55287.06,12393.49,167711.07,10062.85,167711.07,15.40,-983822.00,84.60
2025-04-12,April,Q2,2025,Star Air,XX,USD,656012.00,39360.72,11837.00,68531.71,624,831575.00,49894.50,11970.00,1202,701485.54,41056.20,10102.84,130089.46,8838.30,130089.46,15.64,-175563.00,84.36
2025-05-17,May,Q2,2025,Star Air,XX,USD,445118.00,26707.08,7501.00,46779.27,438,1641790.00,98507.40,27175.00,2456,1387684.56,82459.21,22819.88,254105.44,16048.19,254105.44,15.48,-1196672.00,84.52
2025-09-14,September,Q3,2025,Star Air,XX,USD,558300.00,33498.00,15133.00,58090.37,577,1258040.00,75482.40,20615.00,2191,1064468.93,63868.07,17422.02,193571.08,11614.33,193571.07,15.39,-699740.00,84.61
2025-11-20,November,Q4,2025,Star Air,XX,USD,73390.00,4403.40,1328.00,7793.99,80,1323435.00,79406.10,23835.00,1909,1116661.83,66999.48,14582.36,206773.17,12406.62,206773.17,15.62,-1250045.00,84.38
2025-11-06,November,Q4,2025,Star Air,XX,USD,59626.00,3577.56,1649.00,6229.06,69,795160.00,47709.60,22265.00,1185,672858.96,40371.47,10425.73,122301.04,7338.13,122301.04,15.38,-735534.00,84.62
2026-02-17,February,Q1,2026,Star Air,XX,USD,34283.00,2056.98,356.00,3415.37,33,764110.00,45846.60,9230.00,1473,648655.51,38919.32,7882.61,115454.49,6927.28,115454.49,15.11,-729827.00,84.89
2026-02-01,February,Q1,2026,Star Air,XX,USD,36943.00,2216.58,289.00,3868.06,39,1245755.00,74745.30,16795.00,2166,1051120.01,63067.16,14282.60,194634.99,11678.14,194634.99,15.62,-1208812.00,84.38
2026-01-08,January,Q1,2026,Star Air,XX,USD,62610.00,3756.60,1059.00,6470.45,59,748355.00,44901.30,11250.00,1709,631540.08,37892.49,9406.17,116814.92,7008.81,116814.92,15.61,-685745.00,84.39
2026-03-15,March,Q1,2026,Star Air,XX,USD,22497.00,1349.82,224.00,2268.90,21,817390.00,49043.40,14060.00,1476,692272.44,41536.34,11943.10,125117.56,7507.06,125117.56,15.31,-794893.00,84.69
2025-11-29,November,Q4,2025,Star Air,XX,USD,69044.00,4142.64,947.00,6991.68,61,1615440.00,96926.40,78885.00,2391,1361527.57,81691.56,21135.76,253912.45,15234.84,253912.43,15.72,-1546396.00,84.28
2025-11-26,November,Q4,2025,Star Air,XX,USD,59273.00,3556.38,1927.00,6176.98,62,1639670.00,98380.20,53785.00,2404,1391753.38,83505.40,20030.76,247916.62,14874.80,247916.62,15.12,-1580397.00,84.88
2026-01-20,January,Q1,2026,Star Air,XX,USD,42816.00,2568.96,843.00,4464.41,46,896825.00,53809.50,13540.00,1483,758233.42,45494.02,11374.28,138591.58,8315.48,138591.58,15.45,-854009.00,84.55
2026-03-27,March,Q1,2026,Star Air,XX,USD,0.00,0.00,0.00,0.00,0,1098660.00,65919.60,16915.00,2468,927956.31,55677.25,14519.52,170703.70,10242.35,170703.69,15.54,-1098660.00,84.46
2026-01-05,January,Q1,2026,Star Air,XX,USD,68856.00,4131.36,383.00,7109.48,64,618855.00,37131.30,9975.00,1211,518784.49,31126.91,8286.67,100070.51,6004.39,100070.51,16.17,-549999.00,83.83
2025-11-18,November,Q4,2025,Star Air,XX,USD,74867.00,4492.02,1788.00,7690.43,82,1004100.00,60246.00,13590.00,1952,851011.22,51060.64,11055.99,153088.78,9185.36,153088.78,15.25,-929233.00,84.75
2025-11-05,November,Q4,2025,Star Air,XX,USD,65408.00,3924.48,1241.00,6771.05,77,1059890.00,63593.40,39600.00,1436,900772.20,54046.20,12825.30,159117.81,9547.20,159117.80,15.01,-994482.00,84.99
2026-03-30,March,Q1,2026,Star Air,XX,USD,0.00,0.00,0.00,0.00,0,1369360.00,82161.60,19035.00,3217,1160243.14,69614.55,16155.36,209116.86,12547.05,209116.86,15.27,-1369360.00,84.73
2025-03-17,March,Q1,2025,Star Air,XX,USD,94833.00,5689.98,1820.00,9808.40,91,363065.00,21783.90,4905.00,1007,306982.14,18418.87,4125.40,56082.87,3365.03,56082.86,15.45,-268232.00,84.55
2025-05-20,May,Q2,2025,Star Air,XX,USD,423231.00,25393.86,6639.00,44379.48,415,793170.00,47590.20,12125.00,1391,668528.50,40320.58,10206.02,124641.50,7269.62,124641.50,15.71,-369939.00,84.29
2025-04-19,April,Q2,2025,Star Air,XX,USD,557325.00,33439.50,8940.00,58376.55,535,1716640.00,102998.40,27260.00,2852,1453035.68,87182.19,22987.66,263604.33,15816.21,263604.32,15.36,-1159315.00,84.64
2025-06-01,June,Q2,2025,Star Air,XX,USD,433801.00,26028.06,7595.00,45436.33,428,2337355.00,140241.30,29285.00,3056,1983880.18,119032.68,24909.24,353474.82,21208.62,353474.82,15.12,-1903554.00,84.88
2025-09-06,September,Q3,2025,Star Air,XX,USD,528747.00,31724.82,10768.00,54835.95,554,1189985.00,71399.10,16665.00,2344,1008829.45,60529.58,14162.91,181155.56,10869.52,181155.55,15.22,-661238.00,84.78
2025-04-01,April,Q2,2025,Star Air,XX,USD,755538.00,45332.28,10166.00,78984.03,679,1384260.00,83055.60,19525.00,3150,1171242.46,70293.82,16624.33,213017.54,12761.78,213017.54,15.39,-628722.00,84.61
2025-06-03,June,Q2,2025,Star Air,XX,USD,367983.00,22078.98,7485.00,38696.29,386,1564140.00,93848.40,21550.00,2914,1323350.98,79347.92,18298.11,240789.02,14500.48,240789.02,15.39,-1196157.00,84.61
2025-03-22,March,Q1,2025,Star Air,XX,USD,100290.00,6017.40,1243.00,10370.87,92,1901705.00,114102.30,31715.00,3012,1609821.45,96589.19,26722.43,291883.55,17513.11,291883.55,15.35,-1801415.00,84.65
2025-02-11,February,Q1,2025,Star Air,XX,USD,124823.00,7489.38,1475.00,12944.65,122,1480840.00,88850.40,24200.00,2819,1255399.22,75323.87,20624.17,225440.78,13526.53,225440.78,15.22,-1356017.00,84.78
2025-06-05,June,Q2,2025,Star Air,XX,USD,379716.00,22782.96,7561.00,39691.37,380,2034190.00,122051.40,28850.00,2650,1721808.18,100901.15,24442.13,312381.83,21150.25,312381.82,15.36,-1654474.00,84.64
2025-04-15,April,Q2,2025,Star Air,XX,USD,528613.00,31716.78,8107.00,55055.59,538,1596240.00,95774.40,21780.00,3135,1355037.14,81347.86,18665.40,241202.87,14426.54,241202.86,15.11,-1067627.00,84.89
2025-06-12,June,Q2,2025,Star Air,XX,USD,425008.00,25500.48,8822.00,44209.91,424,1398180.00,83890.80,20275.00,2393,1190456.22,71425.20,17338.42,207723.80,12465.60,207723.78,14.86,-973172.00,85.14
2025-06-29,June,Q2,2025,Star Air,XX,USD,341025.00,20461.50,9206.00,35901.19,360,1381770.00,82906.20,21515.00,2173,1165943.10,69320.65,18229.40,215826.90,13585.55,215826.90,15.62,-1040745.00,84.38
2025-04-20,April,Q2,2025,Star Air,XX,USD,517514.00,31050.84,6909.00,54196.49,515,1507575.00,90454.50,23205.00,1915,1276882.98,76032.77,20003.73,230692.02,14421.73,230692.02,15.30,-990061.00,84.70
2025-08-19,August,Q3,2025,Star Air,XX,USD,422523.00,25351.38,8434.00,43937.17,461,1522875.00,91372.50,20325.00,2921,1284964.67,77098.18,17255.56,237910.35,14274.32,237910.33,15.62,-1100352.00,84.38
2025-09-29,September,Q3,2025,Star Air,XX,USD,669394.00,40163.64,13487.00,69723.82,753,725615.00,43536.90,11455.00,995,614168.75,36850.18,9669.01,111446.25,6686.72,111446.25,15.36,-56221.00,84.64
2025-10-09,October,Q4,2025,Star Air,XX,USD,71891.00,4313.46,960.00,7473.76,72,1678470.00,100708.20,33370.00,2198,1421077.54,85264.77,24353.14,257392.46,15443.43,257392.46,15.33,-1606579.00,84.67
2025-12-30,December,Q4,2025,Star Air,XX,USD,62651.00,3759.06,1069.00,6593.02,59,1182825.00,70969.50,23895.00,1954,1004756.34,60285.29,16804.64,178068.67,10684.21,178068.66,15.05,-1120174.00,84.95
2025-11-19,November,Q4,2025,Star Air,XX,USD,69394.00,4163.64,1132.00,7442.91,68,1559265.00,93555.90,41070.00,2628,1315654.77,78939.48,18189.12,243610.24,14616.42,243610.23,15.62,-1489871.00,84.38
2025-11-08,November,Q4,2025,Star Air,XX,USD,83401.00,5004.06,1560.00,8524.09,87,1317560.00,79053.60,83035.00,2153,1113461.64,66807.61,17254.59,204098.37,12245.99,204098.36,15.49,-1234159.00,84.51
2025-10-24,October,Q4,2025,Star Air,XX,USD,83540.00,5012.40,2213.00,8808.85,89,882995.00,52979.70,64860.00,1932,748297.89,44897.84,11023.17,134697.11,8081.86,134697.11,15.25,-799455.00,84.75
2025-12-28,December,Q4,2025,Star Air,XX,USD,60803.00,3648.18,794.00,6410.79,55,979090.00,58745.40,28945.00,1643,828965.33,49737.80,11854.09,150124.67,9007.60,150124.67,15.33,-918287.00,84.67
2026-01-25,January,Q1,2026,Star Air,XX,USD,53815.00,3228.90,512.00,5600.96,53,1408745.00,84524.70,20770.00,1934,1193018.15,71580.93,17646.78,215726.85,12943.77,215726.85,15.31,-1354930.00,84.69
2025-11-04,November,Q4,2025,Star Air,XX,USD,88553.00,5313.18,2494.00,9101.21,94,1342890.00,80573.40,39415.00,2414,1137342.02,68240.39,15341.65,205547.98,12333.01,205547.98,15.31,-1254337.00,84.69
2025-10-28,October,Q4,2025,Star Air,XX,USD,64027.00,3841.62,949.00,6691.07,78,742955.00,44577.30,10885.00,1481,629116.16,37747.00,9737.07,113838.84,6830.30,113838.84,15.32,-678928.00,84.68
2025-12-01,December,Q4,2025,Star Air,XX,USD,62493.00,3749.58,2304.00,6437.78,69,65430.00,3925.80,480.00,258,55357.27,3321.40,805.10,10072.73,604.40,10072.73,15.39,-2937.00,84.61
2026-03-04,March,Q1,2026,Star Air,XX,USD,44052.00,2643.12,624.00,4588.12,44,1773670.00,106420.20,27455.00,2645,1497688.88,89861.53,23325.12,275981.13,16558.67,275981.12,15.56,-1729618.00,84.44
2026-01-24,January,Q1,2026,Star Air,XX,USD,45304.00,2718.24,659.00,4521.40,39,1235185.00,74111.10,19625.00,2427,1043775.92,62626.35,16520.36,191409.08,11484.75,191409.08,15.50,-1189881.00,84.50
2025-12-23,December,Q4,2025,Star Air,XX,USD,81126.00,4867.56,1526.00,8201.73,72,1215350.00,72921.00,22670.00,2680,1027482.77,61648.90,15682.48,187867.23,11272.10,187867.23,15.46,-1134224.00,84.54
2025-12-26,December,Q4,2025,Star Air,XX,USD,70930.00,4255.80,1098.00,7418.51,72,919935.00,55196.10,59335.00,2183,776769.90,46606.30,12101.44,143165.10,8589.80,143165.10,15.56,-849005.00,84.44
2025-02-28,February,Q1,2025,Star Air,XX,USD,102305.00,6138.30,1493.00,10709.46,98,641365.00,38481.90,9860.00,1541,541852.99,32511.19,8385.89,99512.01,5970.71,99512.01,15.52,-539060.00,84.48
2025-03-03,March,Q1,2025,Star Air,XX,USD,104905.00,6294.30,1691.00,10894.42,102,153220.00,9193.20,2560.00,513,129218.10,7753.06,2180.69,24001.90,1440.14,24001.90,15.66,-48315.00,84.34
2025-06-13,June,Q2,2025,Star Air,XX,USD,432368.00,25942.08,5045.00,45028.44,398,1438780.00,86326.80,23290.00,2611,1217090.71,73025.45,19781.38,221689.29,13301.35,221689.29,15.41,-1006412.00,84.59
2025-02-17,February,Q1,2025,Star Air,XX,USD,125858.00,7551.48,2692.00,13114.76,113,510605.00,30636.30,8305.00,1277,429434.71,25766.13,6998.04,81170.29,4870.17,81170.29,15.90,-384747.00,84.10
2025-01-26,January,Q1,2025,Star Air,XX,USD,141845.00,8510.70,2809.00,14899.00,121,1713285.00,102797.10,24860.00,2565,1452689.77,87161.35,20948.73,260595.23,15635.75,260595.23,15.21,-1571440.00,84.79
2025-04-26,April,Q2,2025,Star Air,XX,USD,515891.00,30953.46,7566.00,54260.43,511,1363940.00,81836.40,18975.00,2338,1151313.14,68595.59,16107.96,212626.87,13240.81,212626.86,15.59,-848049.00,84.41
2025-07-01,July,Q3,2025,Star Air,XX,USD,401197.00,24071.82,7781.00,41568.78,389,1269425.00,76165.50,20785.00,1990,1070941.37,64256.30,17224.42,198483.64,11909.20,198483.63,15.64,-868228.00,84.36
2025-01-18,January,Q1,2025,Star Air,XX,USD,129456.00,7767.36,1787.00,13297.82,138,1165055.00,69903.30,16180.00,2268,986538.73,59192.11,13656.66,178516.27,10711.19,178516.27,15.32,-1035599.00,84.68
2025-01-20,January,Q1,2025,Star Air,XX,USD,99741.00,5984.46,1356.00,10244.62,105,897730.00,53863.80,15570.00,1544,761064.69,45663.76,13249.74,136665.31,8200.04,136665.31,15.22,-797989.00,84.78
2025-04-05,April,Q2,2025,Star Air,XX,USD,635787.00,38147.22,9926.00,66327.44,626,839500.00,50370.00,14280.00,1606,710072.98,42604.28,12010.28,129427.02,7765.72,129427.02,15.42,-203713.00,84.58
2025-05-01,May,Q2,2025,Star Air,XX,USD,518149.00,31088.94,8403.00,54018.18,483,996560.00,59793.60,15190.00,1856,847769.97,51354.57,12817.88,148790.03,8439.03,148790.03,14.93,-478411.00,85.07
2025-08-02,August,Q3,2025,Star Air,XX,USD,370187.00,22211.22,11167.00,38383.14,393,1234695.00,74081.70,19855.00,2215,1049151.36,62948.81,16804.51,185543.64,11132.89,185543.64,15.03,-864508.00,84.97
2026-03-03,March,Q1,2026,Star Air,XX,USD,29762.00,1785.72,521.00,3090.48,32,1102510.00,66150.60,17165.00,2226,930145.87,55808.65,14471.54,172364.13,10341.95,172364.13,15.63,-1072748.00,84.37
2026-01-19,January,Q1,2026,Star Air,XX,USD,49567.00,2974.02,767.00,5184.12,49,491380.00,29482.80,6440.00,723,413358.46,24801.51,5467.12,78021.54,4681.29,78021.54,15.88,-441813.00,84.12
2025-11-02,November,Q4,2025,Star Air,XX,USD,85307.00,5118.42,1887.00,8979.05,79,864070.00,51844.20,29100.00,1392,732136.25,43928.02,10020.41,131933.75,7916.18,131933.75,15.27,-778763.00,84.73
2025-11-16,November,Q4,2025,Star Air,XX,USD,58657.00,3519.42,1351.00,6070.76,67,1212380.00,72742.80,51260.00,1931,1027377.65,61642.62,15580.86,185002.35,11100.18,185002.35,15.26,-1153723.00,84.74
2025-10-14,October,Q4,2025,Star Air,XX,USD,71368.00,4282.08,1934.00,7421.25,78,713855.00,42831.30,7650.00,1460,603072.61,36184.23,10503.60,110782.39,6647.07,110782.39,15.52,-642487.00,84.48
2025-10-15,October,Q4,2025,Star Air,XX,USD,85516.00,5130.96,1807.00,8878.81,81,1476215.00,88572.90,41435.00,1952,1248845.27,74930.57,17726.62,227369.73,13642.33,227369.73,15.40,-1390699.00,84.60
2026-02-21,February,Q1,2026,Star Air,XX,USD,38772.00,2326.32,784.00,4119.39,42,1651260.00,99075.60,24210.00,2875,1400740.29,84044.19,20447.03,250519.71,15031.41,250519.71,15.17,-1612488.00,84.83
2026-03-29,March,Q1,2026,Star Air,XX,USD,3532.00,211.92,0.00,325.59,3,909265.00,54555.90,13765.00,1457,769524.08,46171.33,11683.92,139740.92,8384.57,139740.92,15.37,-905733.00,84.63
2025-12-13,December,Q4,2025,Star Air,XX,USD,59333.00,3559.98,1307.00,6201.66,63,1696200.00,101772.00,100500.00,3120,1426797.81,85607.45,22911.41,269402.19,16164.55,269402.19,15.88,-1636867.00,84.12
2026-01-11,January,Q1,2026,Star Air,XX,USD,57889.00,3473.34,510.00,5832.73,56,1549245.00,92954.70,22705.00,2218,1313578.58,78814.78,19362.28,235666.42,14139.92,235666.42,15.21,-1491356.00,84.79
2026-03-24,March,Q1,2026,Star Air,XX,USD,12594.00,755.64,122.00,1221.69,10,1445225.00,86713.50,23685.00,1962,1223839.51,73430.28,19896.93,221385.49,13283.22,221385.49,15.32,-1432631.00,84.68
2026-02-11,February,Q1,2026,Star Air,XX,USD,34412.00,2064.72,331.00,3565.28,35,848440.00,50906.40,11825.00,1412,720975.63,43258.66,9962.21,127464.37,7647.74,127464.37,15.02,-814028.00,84.98
2026-02-09,February,Q1,2026,Star Air,XX,USD,53849.00,3230.94,914.00,5659.58,53,815520.00,48931.20,11790.00,1701,694615.38,41676.75,9938.50,120904.62,7254.45,120904.62,14.83,-761671.00,85.17
2025-01-05,January,Q1,2025,Star Air,XX,USD,103318.00,6199.08,2258.00,10806.26,92,1544380.00,92662.80,23100.00,2239,1305635.22,78338.02,19707.14,238744.78,14324.78,238744.78,15.46,-1441062.00,84.54
2025-09-28,September,Q3,2025,Star Air,XX,USD,717159.00,43029.54,14530.00,74977.64,791,1230055.00,73803.30,18850.00,1721,1041120.32,62467.00,15969.19,188934.70,11336.30,188934.68,15.36,-512896.00,84.64
2025-09-13,September,Q3,2025,Star Air,XX,USD,573166.00,34389.96,11129.00,59803.29,635,1299410.00,77964.60,20175.00,2175,1102344.73,66140.79,17179.69,197065.28,11823.81,197065.27,15.17,-726244.00,84.83
2025-07-09,July,Q3,2025,Star Air,XX,USD,399640.00,23978.40,7848.00,41717.31,404,1122370.00,67342.20,17380.00,1512,953284.26,57197.05,14892.10,169085.74,10145.15,169085.74,15.07,-722730.00,84.93
2025-07-07,July,Q3,2025,Star Air,XX,USD,422920.00,25375.20,10915.00,43698.40,409,236640.00,14198.40,3620.00,746,200872.37,12052.35,3048.78,35767.63,2146.05,35767.63,15.11,186280.00,84.89
2025-05-30,May,Q2,2025,Star Air,XX,USD,393205.00,23592.30,6216.00,40882.42,389,864895.00,51893.70,12740.00,1934,729095.23,43745.64,10771.91,135799.77,8148.06,135799.77,15.70,-471690.00,84.30
2025-05-27,May,Q2,2025,Star Air,XX,USD,474434.00,28466.04,9427.00,49488.82,461,1271400.00,76284.00,19385.00,1953,1073183.63,64391.19,16275.47,198216.37,11892.81,198216.37,15.59,-796966.00,84.41
2025-04-10,April,Q2,2025,Star Air,XX,USD,618732.00,37123.92,9666.00,64501.73,609,1296900.00,77814.00,18535.00,2449,1096919.88,66076.40,15516.54,199980.12,11737.60,199980.12,15.42,-678168.00,84.58
2025-07-10,July,Q3,2025,Star Air,XX,USD,421952.00,25317.12,7264.00,43547.57,399,1512775.00,90766.50,21465.00,2285,1277870.14,76672.11,17953.61,234904.86,14094.39,234904.86,15.53,-1090823.00,84.47
2025-07-23,July,Q3,2025,Star Air,XX,USD,389519.00,23371.14,7717.00,40443.26,384,1564875.00,93892.50,25235.00,1957,1324143.87,79448.74,21374.96,240731.13,14443.76,240731.13,15.38,-1175356.00,84.62
2025-04-09,April,Q2,2025,Star Air,XX,USD,597553.00,35853.18,9970.00,62377.22,603,1379430.00,82765.80,20775.00,2396,1166236.78,69712.11,17694.20,213193.24,13053.69,213193.22,15.46,-781877.00,84.54
2025-04-14,April,Q2,2025,Star Air,XX,USD,628145.00,37688.70,8538.00,65390.12,621,538210.00,32292.60,8640.00,1192,456103.68,27366.13,7302.49,82106.32,4926.47,82106.32,15.26,89935.00,84.74
2025-09-11,September,Q3,2025,Star Air,XX,USD,569457.00,34167.42,10950.00,58834.54,613,1226435.00,73586.10,22775.00,1986,1035948.67,62156.89,19326.01,190486.34,11429.21,190486.33,15.53,-656978.00,84.47
2025-01-17,January,Q1,2025,Star Air,XX,USD,121931.00,7315.86,1861.00,12812.70,124,745110.00,44706.60,10935.00,1526,630739.22,37844.08,9293.31,114370.78,6862.52,114370.78,15.35,-623179.00,84.65
2025-03-13,March,Q1,2025,Star Air,XX,USD,93355.00,5601.30,1258.00,9591.19,98,1237875.00,74272.50,18010.00,2055,1048441.49,62906.32,15275.88,189433.51,11366.18,189433.51,15.30,-1144520.00,84.70
2025-06-11,June,Q2,2025,Star Air,XX,USD,413705.00,24822.30,6615.00,43326.65,420,1747400.00,104844.00,23690.00,2176,1480499.40,87090.34,20124.40,266900.60,17753.66,266900.60,15.27,-1333695.00,84.73
2025-08-14,August,Q3,2025,Star Air,XX,USD,421178.00,25270.68,10752.00,44193.90,447,922120.00,55327.20,13060.00,1457,780975.68,46858.51,11018.25,141144.33,8468.69,141144.32,15.31,-500942.00,84.69
2025-07-24,July,Q3,2025,Star Air,XX,USD,392653.00,23559.18,12357.00,41179.82,401,955980.00,57358.80,14065.00,1452,810037.27,48602.25,11916.10,145942.73,8756.55,145942.73,15.27,-563327.00,84.73
2025-10-05,October,Q4,2025,Star Air,XX,USD,62767.00,3766.02,1112.00,6333.90,72,1824970.00,109498.20,52090.00,2623,1544324.88,92659.26,23743.24,280645.12,16838.94,280645.12,15.38,-1762203.00,84.62
2025-10-02,October,Q4,2025,Star Air,XX,USD,63236.00,3794.16,555.00,6448.78,69,1485425.00,89125.50,38120.00,2198,1257527.33,75451.58,18085.72,227897.67,13673.92,227897.67,15.34,-1422189.00,84.66
2025-10-08,October,Q4,2025,Star Air,XX,USD,84678.00,5080.68,2073.00,8570.65,88,1225585.00,73535.10,27405.00,1666,1041596.70,62495.78,15116.07,183988.30,11039.32,183988.30,15.01,-1140907.00,84.99
2025-01-09,January,Q1,2025,Star Air,XX,USD,130351.00,7821.06,2357.00,13636.19,114,998510.00,59910.60,14640.00,1764,845183.26,50710.83,12399.69,153326.74,9199.77,153326.74,15.36,-868159.00,84.64
2025-09-27,September,Q3,2025,Star Air,XX,USD,664265.00,39855.90,15223.00,69120.60,745,1148815.00,68928.90,16420.00,1922,972441.78,58346.36,13826.94,176373.22,10582.54,176373.22,15.35,-484550.00,84.65
2026-01-09,January,Q1,2026,Star Air,XX,USD,50954.00,3057.24,743.00,5166.84,53,766635.00,45998.10,11505.00,1696,650189.79,39011.21,9540.87,116445.21,6986.89,116445.21,15.19,-715681.00,84.81
2026-02-12,February,Q1,2026,Star Air,XX,USD,47849.00,2870.94,217.00,4934.45,48,913310.00,54798.60,14450.00,1723,773646.24,46418.55,12396.22,139663.77,8380.05,139663.76,15.29,-865461.00,84.71
2026-01-16,January,Q1,2026,Star Air,XX,USD,42910.00,2574.60,465.00,4475.98,46,919875.00,55192.50,12495.00,1962,775865.49,46551.88,10599.34,144009.51,8640.62,144009.51,15.66,-876965.00,84.34
2025-12-27,December,Q4,2025,Star Air,XX,USD,56560.00,3393.60,819.00,5976.97,56,1856685.00,111401.10,81980.00,3449,1569781.51,94186.65,21825.76,286903.49,17214.45,286903.49,15.45,-1800125.00,84.55
2025-11-01,November,Q4,2025,Star Air,XX,USD,82065.00,4923.90,1014.00,8460.67,91,1327195.00,79631.70,66785.00,2219,1124833.50,67489.97,15532.30,202361.51,12141.73,202361.50,15.25,-1245130.00,84.75
2025-02-02,February,Q1,2025,Star Air,XX,USD,103958.00,6237.48,1040.00,10824.33,97,1688275.00,101296.50,23045.00,2006,1428813.24,85728.78,19716.99,259461.76,15567.72,259461.76,15.37,-1584317.00,84.63
2025-03-07,March,Q1,2025,Star Air,XX,USD,108107.00,6486.42,1695.00,11250.53,100,840415.00,50424.90,13255.00,1791,709275.47,42556.69,11335.18,131139.53,7868.21,131139.53,15.60,-732308.00,84.40
2025-03-29,March,Q1,2025,Star Air,XX,USD,75530.00,4531.80,717.00,7984.89,74,1374440.00,82466.40,22185.00,2734,1165960.58,69957.64,18755.62,208479.42,12508.76,208479.42,15.17,-1298910.00,84.83
2025-02-09,February,Q1,2025,Star Air,XX,USD,115267.00,6916.02,799.00,12029.63,108,2555820.00,153349.20,34950.00,3558,2158625.33,129517.72,29607.23,397194.67,23831.48,397194.67,15.54,-2440553.00,84.46
2025-08-26,August,Q3,2025,Star Air,XX,USD,488555.00,29313.30,10964.00,51135.57,497,648795.00,38927.70,10460.00,1215,548186.39,32891.25,8844.10,100608.61,6036.45,100608.61,15.51,-160240.00,84.49
2025-08-29,August,Q3,2025,Star Air,XX,USD,540485.00,32429.10,15879.00,55966.29,549,764825.00,45889.50,10580.00,1715,646318.22,38779.05,8860.63,118506.79,7110.45,118506.78,15.49,-224340.00,84.51
2025-06-18,June,Q2,2025,Star Air,XX,USD,421216.00,25272.96,13320.00,43703.81,413,1808635.00,108518.10,24900.00,2317,1527974.94,88509.18,20963.27,280660.06,20008.92,280660.06,15.52,-1387419.00,84.48
2025-05-21,May,Q2,2025,Star Air,XX,USD,452391.00,27143.46,9036.00,47747.10,444,1225375.00,73522.50,17770.00,1904,1034739.89,57781.99,15114.59,190635.11,15740.51,190635.11,15.56,-772984.00,84.44
2025-05-13,May,Q2,2025,Star Air,XX,USD,463432.00,27805.92,7742.00,48455.38,451,739865.00,44391.90,11070.00,1420,622577.78,36952.48,9387.79,117287.23,7439.42,117287.22,15.85,-276433.00,84.15
2025-05-08,May,Q2,2025,Star Air,XX,USD,464091.00,27845.46,6607.00,48410.79,454,867895.00,52073.70,15480.00,893,736523.98,43616.40,13188.35,131371.02,8457.30,131371.02,15.14,-403804.00,84.86
2026-03-01,March,Q1,2026,Star Air,XX,USD,63815.00,3828.90,483.00,6692.45,62,2496915.00,149814.90,35185.00,3916,2116435.15,126985.91,29847.40,380479.86,22828.99,380479.85,15.24,-2433100.00,84.76
2026-03-31,March,Q1,2026,Star Air,XX,USD,0.00,0.00,0.00,0.00,0,1790200.00,107412.00,27015.00,1966,1520341.50,91220.44,22894.22,269858.50,16191.56,269858.50,15.07,-1790200.00,84.93
2025-12-09,December,Q4,2025,Star Air,XX,USD,67814.00,4068.84,1240.00,7059.48,67,1342590.00,80555.40,28055.00,2421,1136336.10,68180.19,15978.54,206253.90,12375.21,206253.90,15.36,-1274776.00,84.64
2025-12-05,December,Q4,2025,Star Air,XX,USD,69468.00,4168.08,1121.00,7282.31,72,767080.00,46024.80,26025.00,1538,644431.96,38665.96,9602.63,122648.04,7358.84,122648.04,15.99,-697612.00,84.01
2026-01-01,January,Q1,2026,Star Air,XX,USD,48903.00,2934.18,712.00,5153.47,53,921135.00,55268.10,13515.00,1687,776339.12,46580.26,11437.42,144795.88,8687.84,144795.88,15.72,-872232.00,84.28
2026-03-19,March,Q1,2026,Star Air,XX,USD,11661.00,699.66,100.00,1203.53,11,1007925.00,60475.50,17035.00,2213,850991.12,51059.45,14437.74,156933.88,9416.05,156933.88,15.57,-996264.00,84.43
2026-03-20,March,Q1,2026,Star Air,XX,USD,9887.00,593.22,98.00,989.25,9,1014280.00,60856.80,16420.00,2218,858124.81,51487.36,14029.80,156155.19,9369.44,156155.19,15.40,-1004393.00,84.60
2026-01-26,January,Q1,2026,Star Air,XX,USD,47005.00,2820.30,1204.00,4728.25,47,692565.00,41553.90,9585.00,1468,588086.13,35285.21,8148.25,104478.87,6268.69,104478.87,15.09,-645560.00,84.91
2025-01-19,January,Q1,2025,Star Air,XX,USD,150399.00,9023.94,1892.00,15663.33,148,1535965.00,92157.90,23465.00,2508,1299953.36,77997.02,19864.31,236011.64,14160.88,236011.64,15.37,-1385566.00,84.63
2025-05-12,May,Q2,2025,Star Air,XX,USD,447716.00,26862.96,8687.00,46910.86,425,413470.00,24808.20,7435.00,977,348359.40,20830.09,6333.87,65110.60,3978.11,65110.60,15.75,34246.00,84.25
2025-08-01,August,Q3,2025,Star Air,XX,USD,448679.00,26920.74,8609.00,46905.25,456,1182805.00,70968.30,18270.00,2271,1000017.43,60001.18,15402.54,182787.57,10967.12,182787.57,15.45,-734126.00,84.55
2025-01-14,January,Q1,2025,Star Air,XX,USD,122490.00,7349.40,1517.00,12846.16,111,982385.00,58943.10,15195.00,1756,831076.82,49864.40,12879.40,151308.18,9078.70,151308.18,15.40,-859895.00,84.60
2025-01-30,January,Q1,2025,Star Air,XX,USD,112286.00,6737.16,1058.00,11419.48,99,1774835.00,106490.10,25480.00,1989,1508932.10,90535.84,21662.72,265902.91,15954.26,265902.90,14.98,-1662549.00,85.02
2025-09-30,September,Q3,2025,Star Air,XX,USD,768538.00,46112.28,15818.00,80177.92,822,1122230.00,67333.80,17275.00,2429,948294.39,56897.73,14543.37,173935.61,10436.07,173935.61,15.50,-353692.00,84.50
2025-02-07,February,Q1,2025,Star Air,XX,USD,117402.00,7044.12,1132.00,12320.24,113,622360.00,37341.60,9345.00,1241,526304.94,31578.23,7880.98,96055.06,5763.37,96055.06,15.43,-504958.00,84.57
2025-05-06,May,Q2,2025,Star Air,XX,USD,477776.00,28666.56,10452.00,49571.27,465,1523270.00,91396.20,21765.00,2585,1291999.65,77346.47,18525.51,231270.35,14049.73,231270.35,15.18,-1045494.00,84.82
2025-09-09,September,Q3,2025,Star Air,XX,USD,592589.00,35555.34,14276.00,62095.50,617,502930.00,30175.80,8900.00,1217,427044.04,25622.77,7643.44,75885.96,4553.03,75885.96,15.09,89659.00,84.91
2025-03-01,March,Q1,2025,Star Air,XX,USD,111984.00,6719.04,1453.00,11627.11,113,1170245.00,70214.70,16740.00,2520,988932.79,59336.13,13970.27,181312.21,10878.57,181312.21,15.49,-1058261.00,84.51
2025-03-10,March,Q1,2025,Star Air,XX,USD,101999.00,6119.94,1068.00,10493.82,96,704200.00,42252.00,10230.00,1245,598278.97,35896.72,8779.72,105921.03,6355.28,105921.03,15.04,-602201.00,84.96
2025-04-04,April,Q2,2025,Star Air,XX,USD,771350.00,46281.00,12775.00,80163.04,729,1129870.00,67792.20,16860.00,2134,960329.38,57619.70,14098.59,169540.62,10172.50,169540.62,15.01,-358520.00,84.99
2025-09-24,September,Q3,2025,Star Air,XX,USD,720992.00,43259.52,11477.00,74477.35,742,1380590.00,82835.40,20850.00,1996,1171168.36,70270.24,17910.44,209421.64,12565.16,209421.64,15.17,-659598.00,84.83
2025-04-25,April,Q2,2025,Star Air,XX,USD,550938.00,33056.28,9228.00,57659.39,532,917545.00,55052.70,13715.00,1681,776410.29,46584.57,11482.93,141134.71,8468.13,141134.71,15.38,-366607.00,84.62
2025-05-26,May,Q2,2025,Star Air,XX,USD,457112.00,27426.72,8263.00,47988.11,441,302710.00,18162.60,3500.00,726,255864.24,15351.88,2971.47,46845.76,2810.72,46845.76,15.48,154402.00,84.52
2025-06-04,June,Q2,2025,Star Air,XX,USD,449588.00,26975.28,6659.00,46978.20,415,921050.00,55263.00,12235.00,974,777712.67,45926.35,10213.05,143337.33,9336.65,143337.33,15.56,-471462.00,84.44
2025-11-22,November,Q4,2025,Star Air,XX,USD,78323.00,4699.38,1115.00,8101.02,70,1601825.00,96109.50,26945.00,2385,1358827.76,81529.42,20329.10,242997.24,14580.08,242997.24,15.17,-1523502.00,84.83
2026-01-06,January,Q1,2026,Star Air,XX,USD,42843.00,2570.58,216.00,4416.75,47,1239760.00,74385.60,19290.00,2398,1055756.68,63345.54,16461.97,184003.32,11040.06,184003.32,14.84,-1196917.00,85.16
2026-02-24,February,Q1,2026,Star Air,XX,USD,43738.00,2624.28,825.00,4525.11,39,781815.00,46908.90,9420.00,1669,661596.05,39695.85,7993.52,120218.96,7213.05,120218.95,15.38,-738077.00,84.62
2026-01-31,January,Q1,2026,Star Air,XX,USD,62052.00,3723.12,1203.00,6439.02,56,1525480.00,91528.80,22165.00,2454,1287959.14,77277.50,18803.42,237520.86,14251.30,237520.86,15.57,-1463428.00,84.43
2026-02-14,February,Q1,2026,Star Air,XX,USD,47162.00,2829.72,175.00,4816.96,45,1196760.00,71805.60,18090.00,2353,1007213.96,60432.58,15135.55,189546.04,11373.02,189546.04,15.84,-1149598.00,84.16
2025-10-06,October,Q4,2025,Star Air,XX,USD,88021.00,5281.26,1923.00,9046.08,81,717250.00,43035.00,17900.00,1446,605737.34,36344.21,7419.76,111512.66,6690.79,111512.66,15.55,-629229.00,84.45
2025-12-15,December,Q4,2025,Star Air,XX,USD,66645.00,3998.70,1142.00,6988.20,72,483665.00,29019.90,15755.00,956,410440.54,24626.48,6195.36,73224.46,4393.42,73224.46,15.14,-417020.00,84.86
2026-03-16,March,Q1,2026,Star Air,XX,USD,15946.00,956.76,26.00,1622.66,17,1420565.00,85233.90,21550.00,2660,1202005.46,72120.51,18266.02,218559.54,13113.39,218559.54,15.39,-1404619.00,84.61
2026-02-05,February,Q1,2026,Star Air,XX,USD,58182.00,3490.92,904.00,6008.58,47,1328170.00,79690.20,18180.00,1909,1118446.41,67106.74,15482.99,209723.59,12583.46,209723.59,15.79,-1269988.00,84.21
2025-03-30,March,Q1,2025,Star Air,XX,USD,72045.00,4322.70,1112.00,7656.62,64,1404770.00,84286.20,18635.00,2649,1188414.00,71304.81,15919.71,216356.00,12981.39,216356.00,15.40,-1332725.00,84.60
2025-07-18,July,Q3,2025,Star Air,XX,USD,404910.00,24294.60,9303.00,41503.39,406,1094170.00,65650.20,15985.00,1982,923442.48,55406.49,13679.71,170727.52,10243.72,170727.52,15.60,-689260.00,84.40
2025-07-30,July,Q3,2025,Star Air,XX,USD,430787.00,25847.22,10640.00,44779.86,410,2006000.00,120360.00,26690.00,2403,1692676.22,101560.38,22681.32,313323.78,18799.62,313323.78,15.62,-1575213.00,84.38
2025-11-11,November,Q4,2025,Star Air,XX,USD,67118.00,4027.08,2035.00,6905.80,78,947920.00,56875.20,21735.00,2183,800173.41,48010.35,10835.89,147746.59,8864.85,147746.59,15.59,-880802.00,84.41
2025-01-25,January,Q1,2025,Star Air,XX,USD,111996.00,6719.76,1188.00,11397.85,109,1599775.00,95986.50,23505.00,2976,1350002.09,81000.05,19815.67,249772.91,14986.45,249772.91,15.61,-1487779.00,84.39
2025-03-19,March,Q1,2025,Star Air,XX,USD,90028.00,5401.68,1741.00,9272.27,92,1616315.00,96978.90,26410.00,2322,1372326.80,82339.63,22369.42,243988.20,14639.27,243988.20,15.10,-1526287.00,84.90
2025-02-23,February,Q1,2025,Star Air,XX,USD,108891.00,6533.46,1862.00,11181.16,112,1776745.00,106604.70,25800.00,2748,1506177.02,90370.53,21791.76,270567.98,16234.17,270567.98,15.23,-1667854.00,84.77
2025-05-18,May,Q2,2025,Star Air,XX,USD,487532.00,29251.92,8470.00,50549.11,464,1910070.00,114604.20,28945.00,2121,1609862.03,96591.75,24291.54,300207.97,18012.45,300207.97,15.72,-1422538.00,84.28
2025-08-28,August,Q3,2025,Star Air,XX,USD,502652.00,30159.12,13351.00,52655.90,513,1372710.00,82362.60,22220.00,2418,1162139.77,69728.49,18779.20,210570.23,12634.11,210570.23,15.34,-870058.00,84.66
2025-08-25,August,Q3,2025,Star Air,XX,USD,497458.00,29847.48,8173.00,51675.24,521,730145.00,43808.70,10530.00,1216,616713.46,37002.81,9048.19,113431.54,6805.89,113431.54,15.54,-232687.00,84.46
2026-01-21,January,Q1,2026,Star Air,XX,USD,44847.00,2690.82,900.00,4677.08,47,1611105.00,96666.30,24145.00,2403,1363687.32,81821.42,20432.36,247417.69,14844.88,247417.68,15.36,-1566258.00,84.64
2026-02-02,February,Q1,2026,Star Air,XX,USD,68868.00,4132.08,902.00,7221.76,57,639460.00,38367.60,9405.00,986,541903.69,32514.24,7954.39,97556.31,5853.36,97556.31,15.26,-570592.00,84.74
2025-01-10,January,Q1,2025,Star Air,XX,USD,112956.00,6777.36,1408.00,11599.57,110,456595.00,27395.70,7160.00,1043,386390.18,23183.32,6024.39,70204.82,4212.38,70204.82,15.38,-343639.00,84.62
2025-02-25,February,Q1,2025,Star Air,XX,USD,82386.00,4943.16,1976.00,8634.51,84,1049000.00,62940.00,13645.00,2795,882997.31,52979.69,11574.12,166002.69,9960.31,166002.69,15.82,-966614.00,84.18
2025-02-20,February,Q1,2025,Star Air,XX,USD,102032.00,6121.92,1503.00,10496.02,98,1180440.00,70826.40,16600.00,1786,999735.15,59984.09,13990.32,180704.85,10842.31,180704.85,15.31,-1078408.00,84.69
2025-05-07,May,Q2,2025,Star Air,XX,USD,488123.00,29287.38,8534.00,50642.74,479,986430.00,59185.80,14220.00,1231,836082.15,48251.62,11982.74,150347.85,10934.18,150347.85,15.24,-498307.00,84.76
2025-09-18,September,Q3,2025,Star Air,XX,USD,640235.00,38414.10,10786.00,66068.89,686,1066865.00,64011.90,16845.00,1625,897238.82,53834.46,14034.65,169626.19,10177.44,169626.18,15.90,-426630.00,84.10
2025-09-02,September,Q3,2025,Star Air,XX,USD,529550.00,31773.00,11491.00,55135.87,546,1457160.00,87429.60,20235.00,2750,1236392.71,74183.50,17061.63,220767.29,13246.10,220767.29,15.15,-927610.00,84.85
2025-07-21,July,Q3,2025,Star Air,XX,USD,382462.00,22947.72,8654.00,39436.56,393,605460.00,36327.60,9545.00,1464,513428.25,30805.64,8072.82,92031.75,5521.96,92031.75,15.20,-222998.00,84.80
2025-11-25,November,Q4,2025,Star Air,XX,USD,64301.00,3858.06,1626.00,6719.40,67,874145.00,52448.70,27070.00,1744,738151.99,44289.18,10572.53,135993.01,8159.52,135993.01,15.56,-809844.00,84.44
2025-02-05,February,Q1,2025,Star Air,XX,USD,101631.00,6097.86,2422.00,10727.40,103,1697325.00,101839.50,27385.00,2564,1440368.56,86422.08,23306.78,256956.44,15417.42,256956.44,15.14,-1595694.00,84.86
2025-05-02,May,Q2,2025,Star Air,XX,USD,499921.00,29995.26,9084.00,52008.74,455,853155.00,51189.30,14300.00,1722,720091.69,43205.50,12184.93,133063.31,7983.80,133063.31,15.60,-353234.00,84.40
2025-07-06,July,Q3,2025,Star Air,XX,USD,356588.00,21395.28,9407.00,36999.23,377,1628150.00,97689.00,26760.00,2149,1377705.74,82662.30,22636.59,250444.26,15026.70,250444.26,15.38,-1271562.00,84.62
2025-10-04,October,Q4,2025,Star Air,XX,USD,76646.00,4598.76,1289.00,7902.87,81,963180.00,57790.80,65850.00,1452,818510.99,49110.77,12524.29,144669.01,8680.03,144669.01,15.02,-886534.00,84.98
2025-06-06,June,Q2,2025,Star Air,XX,USD,426318.00,25579.08,9214.00,44593.49,425,992575.00,59554.50,15440.00,1742,838545.13,50312.59,13191.71,154029.87,9241.91,154029.87,15.52,-566257.00,84.48
2025-06-02,June,Q2,2025,Star Air,XX,USD,412805.00,24768.30,9195.00,43322.64,421,943435.00,56606.10,13410.00,1463,797140.98,47777.83,11657.10,146294.02,8828.27,146294.02,15.51,-530630.00,84.49
2025-04-11,April,Q2,2025,Star Air,XX,USD,675244.00,40514.64,9591.00,70431.34,645,743385.00,44603.10,12170.00,1682,626309.78,37578.54,10205.48,117075.22,7024.56,117075.22,15.75,-68141.00,84.25
2025-04-28,April,Q2,2025,Star Air,XX,USD,482433.00,28945.98,7262.00,50405.89,484,549940.00,32996.40,7745.00,1189,465164.88,27644.18,6561.52,84775.12,5352.22,84775.12,15.42,-67507.00,84.58
2025-06-23,June,Q2,2025,Star Air,XX,USD,420868.00,25252.08,12154.00,44365.30,410,506060.00,30363.60,8300.00,496,428511.58,25710.73,7033.64,77548.43,4652.87,77548.42,15.32,-85192.00,84.68
2025-03-26,March,Q1,2025,Star Air,XX,USD,94540.00,5672.40,1287.00,10078.35,90,1321180.00,79270.80,17365.00,1962,1118689.17,67121.19,14657.12,202490.83,12149.61,202490.83,15.33,-1226640.00,84.67
2025-05-11,May,Q2,2025,Star Air,XX,USD,544086.00,32645.16,7263.00,56343.10,495,1543755.00,92625.30,21885.00,1899,1306942.08,78416.59,18658.97,236812.92,14208.71,236812.92,15.34,-999669.00,84.66
2025-08-17,August,Q3,2025,Star Air,XX,USD,510413.00,30624.78,11425.00,53172.64,521,1616805.00,97008.30,22250.00,2246,1364059.30,81843.59,18713.29,252745.71,15164.71,252745.70,15.63,-1106392.00,84.37
2025-07-08,July,Q3,2025,Star Air,XX,USD,404699.00,24281.94,11472.00,42655.29,390,1330505.00,79830.30,21180.00,2207,1124704.91,67482.46,18070.87,205800.09,12347.84,205800.09,15.47,-925806.00,84.53
2025-10-26,October,Q4,2025,Star Air,XX,USD,77965.00,4677.90,1762.00,8228.76,74,1937010.00,116220.60,90270.00,2608,1635603.65,98136.03,25691.33,301406.36,18084.57,301406.35,15.56,-1859045.00,84.44
2026-02-16,February,Q1,2026,Star Air,XX,USD,47574.00,2854.44,310.00,4744.65,46,476930.00,28615.80,6865.00,1219,405158.68,24309.35,5811.71,71771.33,4306.45,71771.32,15.05,-429356.00,84.95
2025-11-03,November,Q4,2025,Star Air,XX,USD,80190.00,4811.40,1318.00,8357.73,77,436685.00,26201.10,16230.00,983,367771.39,22066.39,4616.37,68913.62,4134.71,68913.61,15.78,-356495.00,84.22
2026-01-17,January,Q1,2026,Star Air,XX,USD,68223.00,4093.38,714.00,7087.79,67,1263380.00,75802.80,19310.00,2170,1065779.59,63946.88,16335.92,197600.41,11855.92,197600.41,15.64,-1195157.00,84.36
2026-02-04,February,Q1,2026,Star Air,XX,USD,50633.00,3037.98,367.00,5372.71,36,770895.00,46253.70,12425.00,1460,654575.80,39274.43,10586.04,116319.20,6979.27,116319.20,15.09,-720262.00,84.91
